Start,Ziel,Gewichtung
P57D982,P02YM0D,1
P57II01,T57II01,1
P57II02,T57II02,1
P57II02,T57II0E,1
P57IN01,P57BSOI,1
P57IN01,P57NFS1,1
P57IN01,P57NFS2,1
P57IN01,P57NIS1,1
P57IN01,P57NPG1,1
P57IN01,P57NVT1,1
P57IN01,P57YPG2,1
P57IN01,P57YU13,1
P57N011,P57BBIS,1
P57N011,P57BDO1,1
P57N011,P57BDOR,1
P57N011,P57BF1T,1
P57N011,P57BF2M,1
P57N011,P57BFEO,1
P57N011,P57BFER,1
P57N011,P57BFO1,1
P57N011,P57BFO2,1
P57N011,P57BFO3,1
P57N011,P57BNV1,1
P57N011,P57BSA1,1
P57N011,P57BSA2,1
P57N011,P57BSOS,1
P57N011,P57N06F,1
P57N011,P57N10F,1
P57N011,P57NBA1,1
P57N011,P57NBF2,1
P57N011,P57NCR1,1
P57N011,P57NDO2,1
P57N011,P57NEA1,1
P57N011,P57NEM1,1
P57N011,P57NIK1,1
P57N011,P57NOU1,1
P57N011,P57NOU2,1
P57N011,P57NP14,1
P57N011,P57NPD1,1
P57N011,P57NPP1,1
P57N011,P57NSC2,1
P57N011,P57NSD2,1
P57N011,P57NSD8,1
P57N011,P57NSH1,1
P57N011,P57NSH3,1
P57N011,P57NSN5,1
P57N011,P57NSN6,1
P57N011,P57NSN7,1
P57N011,P57NTX3,1
P57N011,P57NVP1,1
P57N011,P57NWB1,1
P57N011,P57NWE2,1
P57N011,P57YA12,1
P57N011,P57YA14,1
P57N011,P57YA82,1
P57N011,P57YAC1,1
P57N011,P57YAC2,1
P57N011,P57YAC3,1
P57N011,P57YDO2,1
P57N011,P57YGB2,1
P57N011,P57YIK2,1
P57N011,P57YP11,1
P57N011,P57YP14,1
P57N011,P57YTE2,1
P57N011,P57YU13,1
P57N011,P57YU14,1
P57N011,P57YU15,1
P57N011,P57YV14,1
P57N011,P57YV24,1
P57N011,P57YV34,1
P57N011,P57YV44,1
P57N01C,P57YA21,1
P57N01C,P57YE13,1
P57N01C,P57YE23,1
P57N01C,P57YO13,1
P57N01C,P57YO23,1
P57N01C,P57YP13,1
P57N01C,P57YR13,1
P57N01C,P57YR43,1
P57N01C,P57YR63,1
P57N01C,P57YR93,1
P57N01C,P57YRC3,1
P57N01C,P57YU13,1
P57N01C,P57YV13,1
P57N01C,P57YV23,1
P57N01C,P57YV25,1
P57N01C,P57YV33,1
P57N01C,P57YV35,1
P57N01C,P57YV43,1
P57N01C,P57YV45,1
P57N021,P57BNV1,1
P57N021,P57BNV2,1
P57N021,P57BSA1,1
P57N021,P57N06F,1
P57N021,P57N27F,1
P57N021,P57NAW2,1
P57N021,P57NBF2,1
P57N021,P57NBS1,1
P57N021,P57NBS4,1
P57N021,P57NBS5,1
P57N021,P57NBS6,1
P57N021,P57NCR1,1
P57N021,P57NDEB,1
P57N021,P57NDO2,1
P57N021,P57NDO8,1
P57N021,P57NDT1,1
P57N021,P57NED2,1
P57N021,P57NEH2,1
P57N021,P57NEP1,1
P57N021,P57NFS1,1
P57N021,P57NIG1,1
P57N021,P57NIK1,1
P57N021,P57NJB1,1
P57N021,P57NJB4,1
P57N021,P57NJI2,1
P57N021,P57NOP1,1
P57N021,P57NOU1,1
P57N021,P57NOU2,1
P57N021,P57NRB1,1
P57N021,P57NRD2,1
P57N021,P57NRP1,1
P57N021,P57NRP2,1
P57N021,P57NS13,1
P57N021,P57NSA1,1
P57N021,P57NSB9,1
P57N021,P57NSC2,1
P57N021,P57NSH1,1
P57N021,P57NSH3,1
P57N021,P57NSN6,1
P57N021,P57NSQ1,1
P57N021,P57NTA1,1
P57N021,P57NUP1,1
P57N021,P57NUV2,1
P57N021,P57NVD1,1
P57N021,P57NVD5,1
P57N021,P57NVD7,1
P57N021,P57NVP1,1
P57N021,P57NVTZ,1
P57N021,P57NWE2,1
P57N021,P57YA12,1
P57N021,P57YA21,1
P57N021,P57YA61,1
P57N021,P57YA82,1
P57N021,P57YAC3,1
P57N021,P57YE11,1
P57N021,P57YE12,1
P57N021,P57YE13,1
P57N021,P57YE14,1
P57N021,P57YE15,1
P57N021,P57YE21,1
P57N021,P57YO11,1
P57N021,P57YO12,1
P57N021,P57YO14,1
P57N021,P57YO21,1
P57N021,P57YP11,1
P57N021,P57YP12,1
P57N021,P57YP13,1
P57N021,P57YR14,1
P57N021,P57YR41,1
P57N021,P57YR43,1
P57N021,P57YR61,1
P57N021,P57YR63,1
P57N021,P57YR64,1
P57N021,P57YR66,1
P57N021,P57YRC4,1
P57N021,P57YU13,1
P57N021,P57YU14,1
P57N021,P57YV11,1
P57N021,P57YV12,1
P57N021,P57YV13,1
P57N021,P57YV14,1
P57N021,P57YV15,1
P57N021,P57YV16,1
P57N021,P57YV21,1
P57N021,P57YV23,1
P57N021,P57YV24,1
P57N021,P57YV31,1
P57N021,P57YV33,1
P57N021,P57YV34,1
P57N021,P57YV41,1
P57N021,P57YV44,1
P57N031,P57BF2M,1
P57N031,P57BFEO,1
P57N031,P57BSOS,1
P57N031,P57N07F,1
P57N031,P57N27F,1
P57N031,P57NBF2,1
P57N031,P57NCR1,1
P57N031,P57NDO2,1
P57N031,P57NDO8,1
P57N031,P57NDT1,1
P57N031,P57NEB1,1
P57N031,P57NJB4,1
P57N031,P57NJN1,1
P57N031,P57NOU1,1
P57N031,P57NOU2,1
P57N031,P57NR11,1
P57N031,P57NRD1,1
P57N031,P57NSD1,1
P57N031,P57NSH1,1
P57N031,P57NSH3,1
P57N031,P57NSN5,1
P57N031,P57NSN6,1
P57N031,P57NUP1,1
P57N031,P57NUV2,1
P57N031,P57NWB1,1
P57N031,P57NWE2,1
P57N031,P57YA12,1
P57N031,P57YE12,1
P57N031,P57YE13,1
P57N031,P57YE14,1
P57N031,P57YE22,1
P57N031,P57YE23,1
P57N031,P57YO12,1
P57N031,P57YO13,1
P57N031,P57YO22,1
P57N031,P57YO23,1
P57N031,P57YR11,1
P57N031,P57YR13,1
P57N031,P57YR41,1
P57N031,P57YR43,1
P57N031,P57YR45,1
P57N031,P57YR61,1
P57N031,P57YR63,1
P57N031,P57YR64,1
P57N031,P57YR91,1
P57N031,P57YR93,1
P57N031,P57YRC1,1
P57N031,P57YRC3,1
P57N031,P57YV12,1
P57N031,P57YV13,1
P57N031,P57YV16,1
P57N041,P57NEB1,1
P57N041,P57NSN5,1
P57N051,P57BCVV,1
P57N051,P57BUR1,1
P57N051,P57NDT1,1
P57N051,P57NEB1,1
P57N051,P57NS11,1
P57N051,P57NSC2,1
P57N051,P57NVT1,1
P57N051,P57YP12,1
P57N051,P57YP13,1
P57N051,P57YV14,1
P57N051,P57YV24,1
P57N051,P57YV34,1
P57N051,P57YV44,1
P57N061,P57N06F,1
P57N061,P57N07F,1
P57N061,P57N10F,1
P57N061,P57NOP1,1
P57N061,P57YE14,1
P57N061,P57YO14,1
P57N061,P57YP13,1
P57N061,P57YV11,1
P57N061,P57YV21,1
P57N061,P57YV31,1
P57N061,P57YV41,1
P57N06F,P57YAT0,1
P57N071,P57N07F,1
P57N071,P57N10F,1
P57N071,P57N17F,1
P57N071,P57N54F,1
P57N071,P57N56F,1
P57N071,P57NAT5,1
P57N071,P57NBS6,1
P57N071,P57NC3F,1
P57N071,P57NCR1,1
P57N071,P57NDEA,1
P57N071,P57NDP1,1
P57N071,P57NEA3,1
P57N071,P57NEB1,1
P57N071,P57NIA4,1
P57N071,P57NJB4,1
P57N071,P57NOU1,1
P57N071,P57NOU2,1
P57N071,P57NRBB,1
P57N071,P57NRP2,1
P57N071,P57NSH1,1
P57N071,P57NSH3,1
P57N071,P57NUV2,1
P57N071,P57NWB1,1
P57N071,P57YA82,1
P57N071,P57YAT0,1
P57N071,P57YE12,1
P57N071,P57YE14,1
P57N071,P57YE22,1
P57N071,P57YO12,1
P57N071,P57YO13,1
P57N071,P57YO14,1
P57N071,P57YO22,1
P57N071,P57YR14,1
P57N071,P57YR15,1
P57N071,P57YR41,1
P57N071,P57YR43,1
P57N071,P57YR44,1
P57N071,P57YR61,1
P57N071,P57YR63,1
P57N071,P57YR64,1
P57N071,P57YR65,1
P57N071,P57YR95,1
P57N071,P57YRC4,1
P57N071,P57YRC5,1
P57N071,P57YV12,1
P57N07F,P57YAT0,1
P57N07Z,P57NAT5,1
P57N081,P57N10F,1
P57N081,P57NBDA,1
P57N081,P57NCR1,1
P57N081,P57NDO2,1
P57N081,P57NDT1,1
P57N081,P57NEP1,1
P57N081,P57NOP1,1
P57N081,P57NOU1,1
P57N081,P57NOU2,1
P57N081,P57NRP1,1
P57N081,P57NRP2,1
P57N081,P57NSH1,1
P57N081,P57NSH3,1
P57N081,P57NSN5,1
P57N081,P57NSN6,1
P57N081,P57NVP1,1
P57N081,P57NWE2,1
P57N081,P57YP11,1
P57N101,P57N10F,1
P57N101,P57NAT5,1
P57N101,P57NBD1,1
P57N101,P57NBDA,1
P57N101,P57NBDB,1
P57N101,P57NCR1,1
P57N101,P57NDO2,1
P57N101,P57NEP1,1
P57N101,P57NOP1,1
P57N101,P57NOU1,1
P57N101,P57NOU2,1
P57N101,P57NR11,1
P57N101,P57NRP1,1
P57N101,P57NRP2,1
P57N101,P57NSH1,1
P57N101,P57NSH3,1
P57N101,P57NSN6,1
P57N101,P57NUP1,1
P57N101,P57NVP1,1
P57N101,P57NWE2,1
P57N101,P57YO16,1
P57N101,P57YP11,1
P57N101,P57YR41,1
P57N101,P57YR61,1
P57N10F,P57YAT0,1
P57N10Z,P57NAT5,1
P57N111,P57NAO1,1
P57N111,P57NIA1,1
P57N111,P57NJB4,1
P57N111,P57NKDA,1
P57N111,P57NOU1,1
P57N111,P57NOU2,1
P57N111,P57NSF1,1
P57N111,P57NSH1,1
P57N111,P57NSH3,1
P57N111,P57NSN6,1
P57N111,P57NWB1,1
P57N111,P57YA12,1
P57N111,P57YP11,1
P57N121,P57NKDA,1
P57N121,P57NV13,1
P57N121,P57YO16,1
P57N121,P57YV14,1
P57N121,P57YV24,1
P57N121,P57YV34,1
P57N131,P57BDO1,1
P57N131,P57BDOR,1
P57N131,P57BFEO,1
P57N131,P57BFER,1
P57N131,P57BFO1,1
P57N131,P57BFO2,1
P57N131,P57BFO3,1
P57N131,P57NBF2,1
P57N131,P57NCR1,1
P57N131,P57NDEA,1
P57N131,P57NDO2,1
P57N131,P57NDO8,1
P57N131,P57NJB4,1
P57N131,P57NJN1,1
P57N131,P57NOU1,1
P57N131,P57NOU2,1
P57N131,P57NPAN,1
P57N131,P57NPD1,1
P57N131,P57NSH1,1
P57N131,P57NSH3,1
P57N131,P57NWE2,1
P57N131,P57YA81,1
P57N131,P57YA82,1
P57N131,P57YR14,1
P57N131,P57YR44,1
P57N131,P57YR64,1
P57N131,P57YR94,1
P57N131,P57YSH1,1
P57N131,P57YU11,1
P57N131,P57YV14,1
P57N131,P57YV34,1
P57N131,P57YV44,1
P57N141,P57NCR1,1
P57N141,P57NDEA,1
P57N141,P57NDO2,1
P57N141,P57NDO8,1
P57N141,P57NEA3,1
P57N141,P57NJB4,1
P57N141,P57NJI5,1
P57N141,P57NOU1,1
P57N141,P57NOU2,1
P57N141,P57NRB1,1
P57N141,P57NSH1,1
P57N141,P57NSH3,1
P57N141,P57NSN6,1
P57N141,P57NWB1,1
P57N141,P57NWE2,1
P57N141,P57YR14,1
P57N141,P57YR15,1
P57N141,P57YR44,1
P57N141,P57YR45,1
P57N141,P57YR61,1
P57N141,P57YR64,1
P57N141,P57YR65,1
P57N141,P57YR95,1
P57N141,P57YRC5,1
P57N151,P57N16F,1
P57N151,P57NBF2,1
P57N151,P57NCR1,1
P57N151,P57NDEA,1
P57N151,P57NDO2,1
P57N151,P57NDO8,1
P57N151,P57NOU1,1
P57N151,P57NOU2,1
P57N151,P57NSH1,1
P57N151,P57NSH3,1
P57N151,P57NSN6,1
P57N151,P57NWE2,1
P57N151,P57YA14,1
P57N151,P57YAB1,1
P57N151,P57YR11,1
P57N151,P57YR15,1
P57N151,P57YR41,1
P57N151,P57YR45,1
P57N151,P57YR61,1
P57N151,P57YR64,1
P57N151,P57YR65,1
P57N151,P57YR91,1
P57N151,P57YR95,1
P57N151,P57YRC1,1
P57N151,P57YRC5,1
P57N161,P57N07F,1
P57N161,P57N16F,1
P57N161,P57NDEA,1
P57N161,P57NDO2,1
P57N161,P57NDO8,1
P57N161,P57NDOA,1
P57N161,P57NUV2,1
P57N161,P57YAB1,1
P57N161,P57YR15,1
P57N161,P57YR45,1
P57N161,P57YR64,1
P57N161,P57YR65,1
P57N161,P57YR95,1
P57N161,P57YRC5,1
P57N16F,P57YAT0,1
P57N171,P57N17F,1
P57N171,P57NDP1,1
P57N171,P57NRBB,1
P57N171,P57NRP2,1
P57N171,P57NWB1,1
P57N171,P57YR41,1
P57N171,P57YR44,1
P57N171,P57YR61,1
P57N171,P57YR64,1
P57N17F,P57YAT0,1
P57N181,P57NRD6,1
P57N181,P57NRP1,1
P57N181,P57YE13,1
P57N181,P57YE23,1
P57N181,P57YO13,1
P57N181,P57YO23,1
P57N181,P57YR43,1
P57N181,P57YV13,1
P57N201,P57BF2M,1
P57N201,P57BSOS,1
P57N201,P57N21F,1
P57N201,P57NBF2,1
P57N201,P57NBS1,1
P57N201,P57NBS6,1
P57N201,P57NBU3,1
P57N201,P57NCR1,1
P57N201,P57NDO2,1
P57N201,P57NDO8,1
P57N201,P57NEB1,1
P57N201,P57NGR1,1
P57N201,P57NJB4,1
P57N201,P57NJI6,1
P57N201,P57NOU1,1
P57N201,P57NOU2,1
P57N201,P57NPAN,1
P57N201,P57NRBB,1
P57N201,P57NRP2,1
P57N201,P57NSH1,1
P57N201,P57NSH3,1
P57N201,P57NSN6,1
P57N201,P57NUV2,1
P57N201,P57NVS1,1
P57N201,P57NVTZ,1
P57N201,P57NWB1,1
P57N201,P57NWE2,1
P57N201,P57YA81,1
P57N201,P57YA82,1
P57N201,P57YO13,1
P57N201,P57YO14,1
P57N201,P57YR43,1
P57N201,P57YR44,1
P57N201,P57YSH2,1
P57N211,P57N06F,1
P57N211,P57N07F,1
P57N211,P57N21F,1
P57N211,P57NWB1,1
P57N211,P57YA81,1
P57N211,P57YA82,1
P57N21F,P57YAT0,1
P57N221,P57BF2M,1
P57N221,P57BFEO,1
P57N221,P57BSH1,1
P57N221,P57BSOS,1
P57N221,P57BUR1,1
P57N221,P57NAH1,1
P57N221,P57NCR1,1
P57N221,P57NDO2,1
P57N221,P57NDO7,1
P57N221,P57NDO8,1
P57N221,P57NDT1,1
P57N221,P57NEB2,1
P57N221,P57NSN2,1
P57N221,P57NVTZ,1
P57N221,P57YAC2,1
P57N221,P57YE12,1
P57N221,P57YE13,1
P57N221,P57YE14,1
P57N221,P57YE22,1
P57N221,P57YE23,1
P57N221,P57YE24,1
P57N221,P57YO13,1
P57N221,P57YO14,1
P57N221,P57YO22,1
P57N221,P57YO23,1
P57N221,P57YO24,1
P57N221,P57YP12,1
P57N221,P57YP13,1
P57N221,P57YP14,1
P57N221,P57YR13,1
P57N221,P57YR14,1
P57N221,P57YR43,1
P57N221,P57YR44,1
P57N221,P57YR63,1
P57N221,P57YR64,1
P57N221,P57YR93,1
P57N221,P57YR94,1
P57N221,P57YRC3,1
P57N221,P57YRC4,1
P57N221,P57YU13,1
P57N221,P57YU14,1
P57N221,P57YV13,1
P57N221,P57YV14,1
P57N221,P57YV22,1
P57N221,P57YV23,1
P57N221,P57YV24,1
P57N221,P57YV33,1
P57N221,P57YV34,1
P57N221,P57YV43,1
P57N221,P57YV44,1
P57N231,P57NEB2,1
P57N231,P57NEB3,1
P57N241,P57N07F,1
P57N241,P57NBF2,1
P57N241,P57NCR1,1
P57N241,P57NDO2,1
P57N241,P57NDO8,1
P57N241,P57NOU1,1
P57N241,P57NOU2,1
P57N241,P57NSC2,1
P57N241,P57NSH1,1
P57N241,P57NSH3,1
P57N241,P57NWB1,1
P57N241,P57NWE2,1
P57N241,P57YR64,1
P57N251,P57NKL1,1
P57N251,P57NOU1,1
P57N251,P57NOU2,1
P57N251,P57NSH1,1
P57N251,P57NSH3,1
P57N251,P57NSN6,1
P57N251,P57YE11,1
P57N251,P57YE14,1
P57N251,P57YE24,1
P57N261,P57YE14,1
P57N271,P57N07F,1
P57N271,P57N27F,1
P57N271,P57NBS1,1
P57N271,P57NBS4,1
P57N271,P57NBS6,1
P57N271,P57NDO2,1
P57N271,P57NRP2,1
P57N271,P57YAT0,1
P57N271,P57YR41,1
P57N271,P57YR43,1
P57N271,P57YR44,1
P57N271,P57YR45,1
P57N271,P57YV15,1
P57N271,P57YV25,1
P57N271,P57YV35,1
P57N27F,P57YAT0,1
P57N291,P57NJB4,1
P57N291,P57YO11,1
P57N291,P57YV35,1
P57N301,P57BANP,1
P57N301,P57N07F,1
P57N301,P57N27F,1
P57N301,P57N30F,1
P57N301,P57NBS1,1
P57N301,P57NBS6,1
P57N301,P57NJB4,1
P57N301,P57YR14,1
P57N301,P57YR44,1
P57N301,P57YR64,1
P57N30F,P57YAT0,1
P57N321,P57NBF2,1
P57N321,P57NCR1,1
P57N321,P57NDO2,1
P57N321,P57NDO8,1
P57N321,P57NOD1,1
P57N321,P57NOU1,1
P57N321,P57NOU2,1
P57N321,P57NSH1,1
P57N321,P57NSH3,1
P57N321,P57NSN6,1
P57N321,P57NWE2,1
P57N331,P57N07F,1
P57N331,P57NR11,1
P57N331,P57YE16,1
P57N331,P57YE26,1
P57N331,P57YO16,1
P57N331,P57YO26,1
P57N331,P57YP16,1
P57N331,P57YR11,1
P57N331,P57YR16,1
P57N331,P57YR41,1
P57N331,P57YR46,1
P57N331,P57YR61,1
P57N331,P57YR66,1
P57N331,P57YR91,1
P57N331,P57YR96,1
P57N331,P57YRC1,1
P57N331,P57YRC6,1
P57N331,P57YV11,1
P57N331,P57YV16,1
P57N331,P57YV21,1
P57N331,P57YV26,1
P57N331,P57YV31,1
P57N331,P57YV36,1
P57N331,P57YV41,1
P57N331,P57YV46,1
P57N341,P57YAB1,1
P57N341,P57YV13,1
P57N341,P57YV14,1
P57N341,P57YV23,1
P57N341,P57YV24,1
P57N341,P57YV33,1
P57N341,P57YV34,1
P57N341,P57YV43,1
P57N341,P57YV44,1
P57N351,P57YA14,1
P57N351,P57YP13,1
P57N351,P57YV11,1
P57N361,P57NVP1,1
P57N371,P57YA14,1
P57N371,P57YAB1,1
P57N381,P57NDEA,1
P57N391,P57YE11,1
P57N391,P57YE14,1
P57N421,P57BCVA,1
P57N421,P57BDO1,1
P57N421,P57BDOR,1
P57N421,P57BFEO,1
P57N421,P57BFER,1
P57N421,P57BFEU,1
P57N421,P57BFO1,1
P57N421,P57BFO2,1
P57N421,P57BFO3,1
P57N421,P57BNV2,1
P57N421,P57NBS1,1
P57N421,P57NBS4,1
P57N421,P57NBU3,1
P57N421,P57NCR1,1
P57N421,P57NDO2,1
P57N421,P57NDO8,1
P57N421,P57NEB1,1
P57N421,P57NEB3,1
P57N421,P57NIA1,1
P57N421,P57NJB1,1
P57N421,P57NJB4,1
P57N421,P57NJB5,1
P57N421,P57NJI5,1
P57N421,P57NOP1,1
P57N421,P57NOU1,1
P57N421,P57NOU2,1
P57N421,P57NPAA,1
P57N421,P57NRD6,1
P57N421,P57NRP1,1
P57N421,P57NRP2,1
P57N421,P57NRV1,1
P57N421,P57NSH1,1
P57N421,P57NSH3,1
P57N421,P57NSN6,1
P57N421,P57NUD7,1
P57N421,P57NUP1,1
P57N421,P57NUV2,1
P57N421,P57NVP1,1
P57N421,P57NVT1,1
P57N421,P57NVTZ,1
P57N421,P57NWB1,1
P57N421,P57NWE2,1
P57N421,P57NZA1,1
P57N421,P57YA12,1
P57N421,P57YA82,1
P57N421,P57YAA1,1
P57N421,P57YAF1,1
P57N421,P57YE13,1
P57N421,P57YE14,1
P57N421,P57YO12,1
P57N421,P57YO13,1
P57N421,P57YO14,1
P57N421,P57YO15,1
P57N421,P57YO23,1
P57N421,P57YP12,1
P57N421,P57YP13,1
P57N421,P57YR14,1
P57N421,P57YR41,1
P57N421,P57YR44,1
P57N421,P57YR45,1
P57N421,P57YR46,1
P57N421,P57YR63,1
P57N421,P57YR64,1
P57N421,P57YR65,1
P57N421,P57YSH2,1
P57N421,P57YU11,1
P57N421,P57YU13,1
P57N421,P57YV11,1
P57N421,P57YV13,1
P57N421,P57YV14,1
P57N421,P57YV15,1
P57N421,P57YV23,1
P57N421,P57YV24,1
P57N421,P57YV33,1
P57N421,P57YV34,1
P57N421,P57YV35,1
P57N421,P57YV43,1
P57N421,P57YV44,1
P57N431,P57BCVG,1
P57N431,P57BF1T,1
P57N431,P57BF2M,1
P57N431,P57BSOS,1
P57N431,P57BUR1,1
P57N431,P57N07F,1
P57N431,P57NBU3,1
P57N431,P57NDEB,1
P57N431,P57NEB1,1
P57N431,P57NEB3,1
P57N431,P57NFS1,1
P57N431,P57NIG1,1
P57N431,P57NIK1,1
P57N431,P57NSH1,1
P57N431,P57NSN2,1
P57N431,P57NSN6,1
P57N431,P57NVT1,1
P57N431,P57NVTZ,1
P57N431,P57YA14,1
P57N431,P57YA61,1
P57N431,P57YAC3,1
P57N431,P57YSH1,1
P57N431,P57YSH2,1
P57N441,P57NDEB,1
P57N441,P57NJB1,1
P57N441,P57YV13,1
P57N441,P57YV23,1
P57N441,P57YV33,1
P57N441,P57YV43,1
P57N451,P57YR64,1
P57N451,P57YV13,1
P57N451,P57YV23,1
P57N451,P57YV33,1
P57N451,P57YV43,1
P57N481,P57N891,1
P57N481,P57N89B,1
P57N481,P57NWE1,1
P57N481,P57YAC1,1
P57N481,P57YU11,1
P57N501,P57NCR1,1
P57N501,P57NOU1,1
P57N501,P57NOU2,1
P57N501,P57NSH1,1
P57N501,P57NSH3,1
P57N501,P57NSN6,1
P57N501,P57NWB1,1
P57N501,P57NWE2,1
P57N501,P57YA12,1
P57N501,P57YO11,1
P57N501,P57YO14,1
P57N501,P57YO16,1
P57N511,P57NIA5,1
P57N511,P57NJB4,1
P57N531,P57N54F,1
P57N531,P57NSN5,1
P57N541,P57N54F,1
P57N541,P57NAT5,1
P57N541,P57NCR1,1
P57N541,P57NOU1,1
P57N541,P57NOU2,1
P57N541,P57NSH1,1
P57N541,P57NSH3,1
P57N541,P57NSN5,1
P57N541,P57NWE2,1
P57N541,P57YR66,1
P57N54F,P57YAT0,1
P57N54Z,P57NAT5,1
P57N551,P57N07F,1
P57N551,P57NJB1,1
P57N551,P57YO12,1
P57N561,P57N56F,1
P57N561,P57NAT5,1
P57N561,P57NBF2,1
P57N561,P57NBS4,1
P57N561,P57NCR1,1
P57N561,P57NDO2,1
P57N561,P57NDOA,1
P57N561,P57NJB4,1
P57N561,P57NOU1,1
P57N561,P57NOU2,1
P57N561,P57NSH1,1
P57N561,P57NSH3,1
P57N561,P57NSN6,1
P57N561,P57NWB1,1
P57N561,P57NWE2,1
P57N561,P57YR44,1
P57N561,P57YSH2,1
P57N56F,P57YAT0,1
P57N56Z,P57NAT5,1
P57N571,P57NBF2,1
P57N571,P57NCR1,1
P57N571,P57NDO2,1
P57N571,P57NPA3,1
P57N571,P57NPA6,1
P57N571,P57NPAN,1
P57N571,P57NPB2,1
P57N571,P57NSN7,1
P57N571,P57NWB1,1
P57N571,P57NWB2,1
P57N571,P57NWE2,1
P57N571,P57YA14,1
P57N571,P57YA71,1
P57N571,P57YA81,1
P57N571,P57YA82,1
P57N591,P57NAT5,1
P57N591,P57NRP1,1
P57N591,P57NRP2,1
P57N591,P57YR41,1
P57N591,P57YR44,1
P57N591,P57YR64,1
P57N59Z,P57NAT5,1
P57N601,P57NCR1,1
P57N601,P57NOU1,1
P57N601,P57NOU2,1
P57N601,P57NR11,1
P57N601,P57NRD1,1
P57N601,P57NRD2,1
P57N601,P57NSD1,1
P57N601,P57NSH1,1
P57N601,P57NSH3,1
P57N601,P57NWE2,1
P57N601,P57YA12,1
P57N601,P57YR11,1
P57N601,P57YR41,1
P57N601,P57YR43,1
P57N601,P57YR61,1
P57N601,P57YR91,1
P57N601,P57YRC1,1
P57N601,P57YV12,1
P57N601,P57YV16,1
P57N611,P57NWB1,1
P57N621,P57NCR1,1
P57N621,P57NDO2,1
P57N621,P57NPAN,1
P57N621,P57YA12,1
P57N621,P57YA81,1
P57N621,P57YA82,1
P57N631,P57BNV1,1
P57N631,P57BNV2,1
P57N631,P57N06F,1
P57N631,P57N07F,1
P57N631,P57N10F,1
P57N631,P57N16F,1
P57N631,P57N17F,1
P57N631,P57N21F,1
P57N631,P57N27F,1
P57N631,P57N54F,1
P57N631,P57N561,1
P57N631,P57N56F,1
P57N631,P57NAF4,1
P57N631,P57NAF5,1
P57N631,P57NAF6,1
P57N631,P57NAF7,1
P57N631,P57NAFD,1
P57N631,P57NBF2,1
P57N631,P57NBS1,1
P57N631,P57NBS6,1
P57N631,P57NC3F,1
P57N631,P57NCR1,1
P57N631,P57NDO2,1
P57N631,P57NDO8,1
P57N631,P57NEA2,1
P57N631,P57NJB4,1
P57N631,P57NJI2,1
P57N631,P57NOP1,1
P57N631,P57NOU1,1
P57N631,P57NOU2,1
P57N631,P57NRP1,1
P57N631,P57NRP2,1
P57N631,P57NSC2,1
P57N631,P57NSH1,1
P57N631,P57NSH3,1
P57N631,P57NSN6,1
P57N631,P57NUP1,1
P57N631,P57NV13,1
P57N631,P57NVD1,1
P57N631,P57NVO1,1
P57N631,P57NVP1,1
P57N631,P57NVTZ,1
P57N631,P57NWB1,1
P57N631,P57NWE1,1
P57N631,P57NWE2,1
P57N631,P57YA14,1
P57N631,P57YA21,1
P57N631,P57YE11,1
P57N631,P57YE21,1
P57N631,P57YO11,1
P57N631,P57YO21,1
P57N631,P57YP12,1
P57N631,P57YP13,1
P57N631,P57YR11,1
P57N631,P57YR41,1
P57N631,P57YR61,1
P57N631,P57YR91,1
P57N631,P57YRC1,1
P57N631,P57YU13,1
P57N631,P57YV11,1
P57N631,P57YV21,1
P57N631,P57YV31,1
P57N631,P57YV34,1
P57N631,P57YV41,1
P57N651,P57NSH1,1
P57N661,P57YR44,1
P57N661,P57YR64,1
P57N671,P57NDOA,1
P57N671,P57NTST,1
P57N681,P57YAZ1,1
P57N691,P57NCR1,1
P57N691,P57NOU1,1
P57N691,P57NOU2,1
P57N691,P57NPAA,1
P57N691,P57NRP1,1
P57N691,P57NSH1,1
P57N691,P57NSH3,1
P57N691,P57YA11,1
P57N691,P57YA12,1
P57N691,P57YAF1,1
P57N691,P57YO14,1
P57N691,P57YP11,1
P57N691,P57YP14,1
P57N691,P57YR44,1
P57N691,P57YU11,1
P57N691,P57YU13,1
P57N691,P57YU14,1
P57N691,P57YV13,1
P57N691,P57YV23,1
P57N691,P57YV33,1
P57N691,P57YV34,1
P57N701,P57NSH1,1
P57N701,P57YSH2,1
P57N711,P57YSH2,1
P57N721,P57YA14,1
P57N731,P57NSH2,1
P57N741,P57NSH3,1
P57N751,P57NSN5,1
P57N801,P57NRIF,1
P57N801,P57YAZ1,1
P57N881,P57Y893,1
P57N881,P57Y896,1
P57N891,P57Y893,1
P57N891,P57Y899,1
P57N89B,P57NRBB,1
P57N89B,P57NRP2,1
P57N89B,P57NUP1,1
P57N89B,P57NUV2,1
P57N901,P57NUD1,1
P57N901,P57YAA1,1
P57N901,P57YSH1,1
P57N901,P57YU11,1
P57N951,P57II01,1
P57N951,P57II02,1
P57N951,P57NEM1,1
P57N951,P57NRU2,1
P57N951,P57Y011,1
P57N951,P57Y012,1
P57N951,P57Y013,1
P57N951,P57Y014,1
P57N951,P57Y893,1
P57N951,P57Y896,1
P57N951,P57Y899,1
P57N951,T57NGY2,1
P57N951,T57NJN1,1
P57N951,T57NOP1,1
P57N951,T57NRIF,1
P57N951,T57NSG1,1
P57N991,P57N891,1
P57N991,P57N951,1
P57N991,P57Y893,1
P57N991,P57Y896,1
P57N991,P57Y899,1
P57N992,P57Y011,1
P57N992,P57Y012,1
P57N992,P57Y013,1
P57N992,P57Y014,1
P57N992,P57Y821,1
P57N992,P57Y893,1
P57N992,P57Y896,1
P57N994,P57II01,1
P57N994,P57II02,1
P57N994,P57Y011,1
P57N994,P57Y012,1
P57N994,P57Y013,1
P57N994,P57Y014,1
P57N994,T57NGY2,1
P57N994,T57NJN1,1
P57N994,T57NOP1,1
P57N994,T57NRIF,1
P57N994,T57NSG1,1
P57NA11,P57NTA1,1
P57NA11,P57YR64,1
P57NA21,P57NTA1,1
P57NA21,P57YRC4,1
P57NA31,P57NTA1,1
P57NA31,P57YR44,1
P57NA41,P57NTA1,1
P57NA41,P57YR14,1
P57NA51,P57NTA1,1
P57NA51,P57YR94,1
P57NA61,P57NTA1,1
P57NA71,P57NTA1,1
P57NA81,P57II02,1
P57NA8Z,P57NAA1,1
P57NA8Z,P57NAA3,1
P57NA8Z,P57NAA4,1
P57NA8Z,P57NAA5,1
P57NA8Z,P57NAA6,1
P57NA8Z,P57NEA1,1
P57NA8Z,P57NEA2,1
P57NA8Z,P57NEA3,1
P57NA8Z,P57NEA4,1
P57NA91,P57YAC3,1
P57NA91,P57YU13,1
P57NA9Z,P57II02,1
P57NA9Z,P57YAC3,1
P57NA9Z,P57YU13,1
P57NAA1,P57NEA2,1
P57NAA1,P57NEA3,1
P57NAA3,P57NEA3,1
P57NAA4,P57NEA2,1
P57NAA4,P57NEA3,1
P57NAA4,P57NEA4,1
P57NAA5,P57NEA4,1
P57NAA6,P57NEA3,1
P57NAF4,P57YAT0,1
P57NAF5,P57YAT0,1
P57NAF6,P57YAT0,1
P57NAF7,P57YAT0,1
P57NAFD,P57YAT0,1
P57NAH1,P57YAH0,1
P57NAN1,P57NAA6,1
P57NAN1,P57NBS7,1
P57NAN1,P57NIA2,1
P57NAN1,P57NJB4,1
P57NAN1,P57NRB1,1
P57NAN1,P57YAF1,1
P57NAN1,P57YV35,1
P57NANZ,P57NBS7,1
P57NANZ,P57NJB4,1
P57NANZ,P57NRB1,1
P57NANZ,P57NSD4,1
P57NAO1,P57BDO1,1
P57NAO1,P57BF1T,1
P57NAO1,P57BFER,1
P57NAO1,P57BVVT,1
P57NAO1,P57NTST,1
P57NAO1,P57YA21,1
P57NAO1,P57YU11,1
P57NAO2,P57NAO1,1
P57NAO2,P57NTST,1
P57NAO2,P57Y899,1
P57NAO2,P57YA82,1
P57NAO2,P57YA91,1
P57NAO2,P57YAC3,1
P57NAO2,P57YAZ1,1
P57NAO2,P57YE11,1
P57NAO2,P57YE12,1
P57NAO2,P57YE14,1
P57NAO2,P57YE16,1
P57NAO2,P57YO12,1
P57NAO2,P57YO14,1
P57NAO2,P57YO16,1
P57NAO2,P57YP12,1
P57NAO2,P57YP13,1
P57NAO2,P57YP14,1
P57NAO2,P57YPG2,1
P57NAO2,P57YR43,1
P57NAO2,P57YR44,1
P57NAO2,P57YR46,1
P57NAO2,P57YR63,1
P57NAO2,P57YR64,1
P57NAO2,P57YR66,1
P57NAO2,P57YRC3,1
P57NAO2,P57YRC4,1
P57NAO2,P57YRC6,1
P57NAO2,P57YU11,1
P57NAO2,P57YU13,1
P57NAO2,P57YU14,1
P57NAO2,P57YV12,1
P57NAO2,P57YV14,1
P57NAO2,P57YV16,1
P57NAO2,P57YV24,1
P57NAO2,P57YV26,1
P57NAO2,P57YV34,1
P57NAO2,P57YV36,1
P57NAO3,P57YU13,1
P57NAP0,P57BANP,1
P57NAP0,P57NAT1,1
P57NAP0,P57NAT2,1
P57NAP0,P57NAT3,1
P57NAP0,P57NAT4,1
P57NAP0,P57YAT0,1
P57NAP1,P57NAF7,1
P57NAP1,P57NAT3,1
P57NAP2,P57NAF4,1
P57NAP2,P57NAT3,1
P57NAP3,P57N07F,1
P57NAP3,P57NAF4,1
P57NAP3,P57NAF5,1
P57NAP3,P57NAF6,1
P57NAP3,P57NAF7,1
P57NAP3,P57NAFD,1
P57NAP3,P57NAT1,1
P57NAP3,P57NAT3,1
P57NAP3,P57NAT4,1
P57NAP4,P57NAF4,1
P57NAP4,P57NAT3,1
P57NAP4,P57NAT4,1
P57NAP5,P57NAF5,1
P57NAP5,P57NAT3,1
P57NAP5,P57NAT4,1
P57NAP6,P57NAF6,1
P57NAP6,P57NAT3,1
P57NAP6,P57NAT4,1
P57NAP7,P57NAF7,1
P57NAP7,P57NAT3,1
P57NAP7,P57NAT4,1
P57NAP8,P57BANP,1
P57NAP8,P57YAT0,1
P57NAPA,P57NAF5,1
P57NAPA,P57NAT3,1
P57NAPC,P57NAF6,1
P57NAPC,P57NAT1,1
P57NAPC,P57NAT3,1
P57NAPD,P57BAT1,1
P57NAPD,P57NAFD,1
P57NAPD,P57NAT1,1
P57NAPD,P57NAT3,1
P57NAPD,P57NAT4,1
P57NAPD,P57YAT0,1
P57NAR1,P57NAO1,1
P57NAR1,P57NTST,1
P57NAR1,P57Y899,1
P57NAR1,P57YA82,1
P57NAR1,P57YAZ1,1
P57NAR1,P57YE16,1
P57NAR1,P57YO16,1
P57NAR1,P57YP14,1
P57NAR1,P57YR46,1
P57NAR1,P57YR66,1
P57NAR1,P57YRC6,1
P57NAR1,P57YU13,1
P57NAR1,P57YU14,1
P57NAR1,P57YV16,1
P57NAR1,P57YV26,1
P57NAR1,P57YV36,1
P57NAS1,P57BSO8,1
P57NAS1,P57NVTZ,1
P57NAT1,P57YAT0,1
P57NAT2,P57YAT0,1
P57NAT3,P57YAT0,1
P57NAT4,P57YAT0,1
P57NAT5,P57YAT0,1
P57NAW1,P57BFER,1
P57NAW2,P57NDO2,1
P57NBA1,P57BFER,1
P57NBA1,P57BSOC,1
P57NBA1,P57BSON,1
P57NBA1,P57II01,1
P57NBA1,P57NBO1,1
P57NBA1,P57NBS6,1
P57NBD1,P57BFEO,1
P57NBD1,P57NBDB,1
P57NBD1,P57NBS1,1
P57NBD1,P57NBS4,1
P57NBD1,P57NCR1,1
P57NBD1,P57NDO2,1
P57NBD1,P57NDO8,1
P57NBD1,P57NDT1,1
P57NBD1,P57NOU1,1
P57NBD1,P57NOU2,1
P57NBD1,P57NR11,1
P57NBD1,P57NRP2,1
P57NBD1,P57NSD1,1
P57NBD1,P57NSH1,1
P57NBD1,P57NSH2,1
P57NBD1,P57NSH3,1
P57NBD1,P57NSN6,1
P57NBD1,P57NUP1,1
P57NBD1,P57NUV2,1
P57NBD1,P57NWE2,1
P57NBD1,P57YA12,1
P57NBD1,P57YE13,1
P57NBD1,P57YE16,1
P57NBD1,P57YE23,1
P57NBD1,P57YE26,1
P57NBD1,P57YO13,1
P57NBD1,P57YO16,1
P57NBD1,P57YO23,1
P57NBD1,P57YO26,1
P57NBD1,P57YP13,1
P57NBD1,P57YP16,1
P57NBD1,P57YR13,1
P57NBD1,P57YR16,1
P57NBD1,P57YR41,1
P57NBD1,P57YR43,1
P57NBD1,P57YR44,1
P57NBD1,P57YR46,1
P57NBD1,P57YR61,1
P57NBD1,P57YR63,1
P57NBD1,P57YR66,1
P57NBD1,P57YR93,1
P57NBD1,P57YR96,1
P57NBD1,P57YRC3,1
P57NBD1,P57YRC6,1
P57NBD1,P57YU12,1
P57NBD1,P57YV13,1
P57NBD1,P57YV16,1
P57NBD1,P57YV23,1
P57NBD1,P57YV26,1
P57NBD1,P57YV33,1
P57NBD1,P57YV36,1
P57NBD1,P57YV43,1
P57NBD1,P57YV46,1
P57NBD2,P57BFEO,1
P57NBD2,P57NBS1,1
P57NBD2,P57NBS4,1
P57NBDA,P57YE14,1
P57NBDA,P57YE16,1
P57NBDA,P57YE26,1
P57NBDA,P57YO14,1
P57NBDA,P57YO16,1
P57NBDA,P57YO26,1
P57NBDA,P57YP11,1
P57NBDA,P57YP16,1
P57NBDA,P57YR16,1
P57NBDA,P57YR46,1
P57NBDA,P57YR66,1
P57NBDA,P57YR96,1
P57NBDA,P57YRC6,1
P57NBDA,P57YU12,1
P57NBDA,P57YV16,1
P57NBDA,P57YV26,1
P57NBDA,P57YV36,1
P57NBDA,P57YV46,1
P57NBF1,P57YA71,1
P57NBF2,P57NBF3,1
P57NBF2,P57YDO2,1
P57NBF3,P57YDO2,1
P57NBF4,P57YDO2,1
P57NBG1,P57BF2M,1
P57NBG1,P57BSOS,1
P57NBG1,P57NBR1,1
P57NBG1,P57NBS1,1
P57NBG1,P57NBS6,1
P57NBG1,P57NDOA,1
P57NBG1,P57NEB1,1
P57NBG1,P57NJB4,1
P57NBG1,P57NJB5,1
P57NBG1,P57NJI6,1
P57NBG1,P57NRD6,1
P57NBG1,P57YR46,1
P57NBG2,P57BFEO,1
P57NBG2,P57NBS1,1
P57NBGZ,P57BF2M,1
P57NBGZ,P57BSOS,1
P57NBGZ,P57NBA1,1
P57NBGZ,P57NBS1,1
P57NBGZ,P57NBS6,1
P57NBGZ,P57NJB1,1
P57NBGZ,P57NJB4,1
P57NBGZ,P57NJB5,1
P57NBGZ,P57NRD6,1
P57NBGZ,P57YAC1,1
P57NBGZ,P57YR43,1
P57NBGZ,P57YR44,1
P57NBGZ,P57YR46,1
P57NBI1,P57BBIS,1
P57NBI1,P57NBS1,1
P57NBI1,P57NDO2,1
P57NBI1,P57NJB4,1
P57NBI1,P57YAF1,1
P57NBIZ,P57BBIS,1
P57NBIZ,P57NBS1,1
P57NBIZ,P57NJB4,1
P57NBL1,P57BCVG,1
P57NBL1,P57BF1T,1
P57NBL1,P57BF2M,1
P57NBL1,P57BFEO,1
P57NBL1,P57BFER,1
P57NBL1,P57BFEU,1
P57NBL1,P57BFEW,1
P57NBL1,P57BFO1,1
P57NBL1,P57BFO2,1
P57NBL1,P57BFO3,1
P57NBL1,P57BFS1,1
P57NBL1,P57BSOS,1
P57NBL1,P57II01,1
P57NBL1,P57NBA1,1
P57NBL1,P57NBO1,1
P57NBL1,P57YAC1,1
P57NBL1,P57YU11,1
P57NBP1,P57NEB3,1
P57NBP1,P57NJB5,1
P57NBP1,P57NJD2,1
P57NBP1,P57YV14,1
P57NBP1,P57YV24,1
P57NBP1,P57YV34,1
P57NBP1,P57YV44,1
P57NBPZ,P57NJB4,1
P57NBPZ,P57NJB5,1
P57NBPZ,P57NJD2,1
P57NBR1,P57NUP1,1
P57NBR1,P57YR46,1
P57NBS1,P57BBIS,1
P57NBS1,P57BFEU,1
P57NBS1,P57BFO1,1
P57NBS1,P57BFO2,1
P57NBS1,P57BFO3,1
P57NBS3,P57BF1T,1
P57NBS3,P57BFER,1
P57NBS3,P57BFEU,1
P57NBS3,P57BFEW,1
P57NBS3,P57NFER,1
P57NBS4,P57NBS3,1
P57NBS5,P57BFER,1
P57NBS5,P57BFEU,1
P57NBS5,P57BFEW,1
P57NBS5,P57NAW1,1
P57NBS6,P57BF1T,1
P57NBS6,P57BFER,1
P57NBS7,P57NBS4,1
P57NBU1,P57BF1T,1
P57NBU1,P57BVVT,1
P57NBU1,P57NIG1,1
P57NBU1,P57NRA1,1
P57NBU1,P57NSA1,1
P57NBU1,P57NSN2,1
P57NBU1,P57NTST,1
P57NBU1,P57YAC3,1
P57NBU3,P57NBA1,1
P57NBU3,P57YAC1,1
P57NBUZ,P57NBU3,1
P57NC11,P57NWB1,1
P57NC21,P57NC3F,1
P57NC21,P57NWB1,1
P57NC31,P57NAT5,1
P57NC31,P57NC3F,1
P57NC31,P57NWB1,1
P57NC3F,P57YAT0,1
P57NC3Z,P57NAT5,1
P57NCR1,P57YCR1,1
P57ND11,P57NDEA,1
P57ND11,P57YA84,1
P57ND11,P57YAB1,1
P57ND11,P57YR64,1
P57NDE1,P57NDEA,1
P57NDE1,P57YAB1,1
P57NDE2,P57NDEB,1
P57NDEA,P57NDEB,1
P57NDEA,P57YAB1,1
P57NDEY,P57NDEB,1
P57NDEY,P57YAB1,1
P57NDEZ,P57NDEB,1
P57NDEZ,P57YA84,1
P57NDK2,P57NDO3,1
P57NDK2,P57NDO9,1
P57NDK3,P57NDO3,1
P57NDK3,P57NDO6,1
P57NDKZ,P57BDO1,1
P57NDKZ,P57BDO3,1
P57NDKZ,P57BDOR,1
P57NDKZ,P57NDO2,1
P57NDKZ,P57NDO8,1
P57NDKZ,P57NDOA,1
P57NDKZ,P57NDOB,1
P57NDO1,P57BDO1,1
P57NDO1,P57BDOR,1
P57NDO2,P57BDO1,1
P57NDO2,P57BDOR,1
P57NDO2,P57BFEO,1
P57NDO2,P57BFER,1
P57NDO2,P57BFO1,1
P57NDO2,P57BFO2,1
P57NDO2,P57BFO3,1
P57NDO2,P57NTST,1
P57NDO3,P57BDO1,1
P57NDO3,P57BDOR,1
P57NDO4,P57BDO1,1
P57NDO4,P57BDOR,1
P57NDO5,P57BDO1,1
P57NDO5,P57BDOR,1
P57NDO6,P57BDO1,1
P57NDO6,P57BDOR,1
P57NDO7,P57YAC3,1
P57NDO8,P57BDO1,1
P57NDO9,P57BDO1,1
P57NDO9,P57BDOR,1
P57NDOA,P57NDO2,1
P57NDOA,P57NTST,1
P57NDOB,P57NDO2,1
P57NDOB,P57NTST,1
P57NDP1,P57NDO2,1
P57NDP1,P57NDOA,1
P57NDR1,P57YAA1,1
P57NDR1,P57YAA2,1
P57NDS1,P57NUP1,1
P57NDU1,P57NAW2,1
P57NDUZ,P57NAW1,1
P57NDY1,P57BBIS,1
P57NDY1,P57BCVA,1
P57NDY1,P57BCVB,1
P57NDY1,P57BDO1,1
P57NDY1,P57BDO2,1
P57NDY1,P57BDOR,1
P57NDY1,P57BF1T,1
P57NDY1,P57BFEO,1
P57NDY1,P57BFER,1
P57NDY1,P57BFO1,1
P57NDY1,P57BFO2,1
P57NDY1,P57BFO3,1
P57NDY1,P57BNV1,1
P57NDY1,P57BSA1,1
P57NDY1,P57BSA2,1
P57NDY1,P57BSOI,1
P57NDY1,P57BSOQ,1
P57NDY1,P57BTD1,1
P57NDY1,P57BTD2,1
P57NDY1,P57BTD5,1
P57NDY1,P57BTD6,1
P57NDY1,P57BVVT,1
P57NDY1,P57BZM1,1
P57NDY1,P57NBA1,1
P57NDY1,P57NBF2,1
P57NDY1,P57NBF4,1
P57NDY1,P57NBS1,1
P57NDY1,P57NBS4,1
P57NDY1,P57NDO2,1
P57NDY1,P57NDO3,1
P57NDY1,P57NDO5,1
P57NDY1,P57NDO8,1
P57NDY1,P57NDOA,1
P57NDY1,P57NDOB,1
P57NDY1,P57NEB1,1
P57NDY1,P57NEB3,1
P57NDY1,P57NIK1,1
P57NDY1,P57NJB4,1
P57NDY1,P57NJI1,1
P57NDY1,P57NOU1,1
P57NDY1,P57NSA1,1
P57NDY1,P57NVS1,1
P57NDY1,P57NVT1,1
P57NDY1,P57NVTZ,1
P57NDY1,P57NWB1,1
P57NDY1,P57NWE1,1
P57NDY1,P57YAC1,1
P57NDY1,P57YAC2,1
P57NDY1,P57YAC3,1
P57NDY1,P57YDO2,1
P57NDY1,P57YP14,1
P57NEA1,P57NZA2,1
P57NEA2,P57NZA2,1
P57NEA3,P57NZA2,1
P57NEA4,P57NZA2,1
P57NEB1,P57BFEO,1
P57NEB1,P57BFER,1
P57NEB1,P57BFEU,1
P57NEB1,P57BFO1,1
P57NEB1,P57BFO2,1
P57NEB1,P57BFO3,1
P57NEB1,P57NBS1,1
P57NEB1,P57NBS4,1
P57NEB1,P57NDO2,1
P57NEB1,P57NDO8,1
P57NEB1,P57NIK1,1
P57NEB2,P57NEB1,1
P57NEB3,P57BFEO,1
P57NEB3,P57NBS1,1
P57NEB3,P57NBS4,1
P57NED1,P57BSH1,1
P57NED1,P57NAH1,1
P57NED1,P57NBF2,1
P57NED1,P57NBF3,1
P57NED1,P57NBS1,1
P57NED1,P57NBS4,1
P57NED1,P57NCR1,1
P57NED1,P57NDO2,1
P57NED1,P57NDO8,1
P57NED1,P57NEB2,1
P57NED1,P57NED2,1
P57NED1,P57NJB1,1
P57NED1,P57NJB4,1
P57NED1,P57NJB5,1
P57NED1,P57NJI4,1
P57NED1,P57NKL1,1
P57NED1,P57NOU1,1
P57NED1,P57NOU2,1
P57NED1,P57NSD1,1
P57NED1,P57NSD2,1
P57NED1,P57NSD8,1
P57NED1,P57NSH1,1
P57NED1,P57NSH3,1
P57NED1,P57NSN6,1
P57NED1,P57NTA1,1
P57NED1,P57NUP1,1
P57NED1,P57NUV2,1
P57NED1,P57NVTZ,1
P57NED1,P57NWE2,1
P57NED1,P57YA21,1
P57NED1,P57YA31,1
P57NED1,P57YE11,1
P57NED1,P57YE21,1
P57NED1,P57YRC4,1
P57NED1,P57YV22,1
P57NED1,P57YV24,1
P57NED2,P57NVT1,1
P57NED2,P57YV22,1
P57NED2,P57YV24,1
P57NED2,P57YV41,1
P57NED2,P57YV44,1
P57NED3,P57NBS1,1
P57NED3,P57NBS4,1
P57NED4,P57NUV2,1
P57NED4,P57YE13,1
P57NED4,P57YE23,1
P57NED4,P57YV22,1
P57NED4,P57YV24,1
P57NED4,P57YV44,1
P57NED5,P57YE11,1
P57NEG1,P57NBS4,1
P57NEG1,P57NCR1,1
P57NEG1,P57NDO2,1
P57NEG1,P57NDOA,1
P57NEG1,P57NIA3,1
P57NEG1,P57NJB4,1
P57NEG1,P57NOU1,1
P57NEG1,P57NOU2,1
P57NEG1,P57NSH3,1
P57NEG1,P57NSN6,1
P57NEG1,P57YR44,1
P57NEG2,P57NBS1,1
P57NEG2,P57NDO2,1
P57NEG2,P57NDOA,1
P57NEGZ,P57NBS1,1
P57NEGZ,P57NBS4,1
P57NEGZ,P57NJB4,1
P57NEH1,P57BCVH,1
P57NEH1,P57BDO1,1
P57NEH1,P57BDOR,1
P57NEH1,P57BF1T,1
P57NEH1,P57BFER,1
P57NEH1,P57BUR1,1
P57NEH1,P57NDEB,1
P57NEH1,P57NDT1,1
P57NEH1,P57NEB1,1
P57NEH1,P57NFS1,1
P57NEH1,P57NIG1,1
P57NEH1,P57NIK1,1
P57NEH1,P57NTST,1
P57NEH1,P57NVT1,1
P57NEH1,P57NVTM,1
P57NEH1,P57YIK2,1
P57NEH2,P57NIK1,1
P57NEH2,P57YP13,1
P57NEHZ,P57BF1T,1
P57NEHZ,P57BF2M,1
P57NEHZ,P57BFER,1
P57NEHZ,P57BSOS,1
P57NEHZ,P57NDEB,1
P57NEHZ,P57NEB1,1
P57NEHZ,P57NEB3,1
P57NEHZ,P57YA61,1
P57NEM1,P57BCVA,1
P57NEM1,P57NTST,1
P57NEM1,P98Y1DG,1
P57NEN1,P57NAH1,1
P57NEN1,P57NBF2,1
P57NEN1,P57NCR1,1
P57NEN1,P57NDO2,1
P57NEN1,P57NDO8,1
P57NEN1,P57NED2,1
P57NEN1,P57NJB4,1
P57NEN1,P57NJI4,1
P57NEN1,P57NKL1,1
P57NEN1,P57NOU1,1
P57NEN1,P57NOU2,1
P57NEN1,P57NPA6,1
P57NEN1,P57NPAE,1
P57NEN1,P57NPAF,1
P57NEN1,P57NSD1,1
P57NEN1,P57NSH1,1
P57NEN1,P57NSH3,1
P57NEN1,P57NSN6,1
P57NEN1,P57NWE2,1
P57NEN1,P57YA81,1
P57NEN1,P57YE11,1
P57NEN1,P57YE15,1
P57NENZ,P57YA81,1
P57NENZ,P57YE13,1
P57NEP1,P57NBS4,1
P57NEP1,P57NUP1,1
P57NEP1,P57NWB1,1
P57NEP1,P57YE11,1
P57NEP1,P57YE12,1
P57NEP1,P57YE13,1
P57NEP1,P57YE14,1
P57NEP1,P57YE21,1
P57NEP1,P57YE22,1
P57NEP1,P57YE23,1
P57NER1,P57NSN2,1
P57NER1,P57YA41,1
P57NER1,P57YA42,1
P57NER2,P57NBS3,1
P57NER2,P57YA42,1
P57NER3,P57NBS3,1
P57NES1,P57NEB1,1
P57NES1,P57NEB3,1
P57NES1,P57NFS1,1
P57NES1,P57NVT1,1
P57NF21,P57NAA1,1
P57NF21,P57NAA3,1
P57NF21,P57NAA5,1
P57NF21,P57NEA1,1
P57NF21,P57NEA2,1
P57NF21,P57NEA3,1
P57NF21,P57NEA4,1
P57NF21,P57NIA3,1
P57NF21,P57NIA4,1
P57NF21,P57NIA5,1
P57NF21,P57NJB4,1
P57NF21,P57YO16,1
P57NFB1,P57NBS4,1
P57NFB1,P57NOE1,1
P57NFB1,P57NUV2,1
P57NFB1,P57YR64,1
P57NFB1,P57YR66,1
P57NFB1,P57YV16,1
P57NFBZ,P57NBS4,1
P57NFS1,P57BFEO,1
P57NFS1,P57BFER,1
P57NFS1,P57BFO1,1
P57NFS1,P57BFO2,1
P57NFS1,P57BFO3,1
P57NFS1,P57BFS1,1
P57NFS1,P57YTST,1
P57NFS2,P57BFER,1
P57NFS2,P57BFO1,1
P57NFS2,P57BFO2,1
P57NFS2,P57BFO3,1
P57NFS2,P57BSOQ,1
P57NFZ1,P57NBS4,1
P57NFZ1,P57NOE1,1
P57NFZ1,P57NOU1,1
P57NFZ1,P57NOU2,1
P57NFZ1,P57NSH1,1
P57NFZ1,P57NSH3,1
P57NFZ1,P57NSN6,1
P57NFZ1,P57NUV2,1
P57NFZ1,P57YR66,1
P57NFZ1,P57YV11,1
P57NFZ1,P57YV13,1
P57NFZ1,P57YV16,1
P57NFZZ,P57NBS4,1
P57NG01,P57NDO1,1
P57NG11,P57NDO2,1
P57NG11,P57NDO8,1
P57NG11,P57NDOA,1
P57NG21,P57NDO2,1
P57NG21,P57NDO8,1
P57NG31,P57N27F,1
P57NG31,P57NDO2,1
P57NG31,P57NDO8,1
P57NG41,P57NBF1,1
P57NG41,P57NBF2,1
P57NG41,P57NBF3,1
P57NG41,P57YA71,1
P57NG91,P57NDO2,1
P57NG91,P57NDO8,1
P57NGA1,P57YO13,1
P57NGA1,P57YO16,1
P57NGB1,P57BBIS,1
P57NGB1,P57BCVA,1
P57NGB1,P57BF2M,1
P57NGB1,P57BFEO,1
P57NGB1,P57BFO1,1
P57NGB1,P57BFO2,1
P57NGB1,P57BFO3,1
P57NGB1,P57BSOS,1
P57NGB1,P57NBS1,1
P57NGB1,P57NBS4,1
P57NGB1,P57NBS6,1
P57NGB1,P57NBS7,1
P57NGB1,P57NJB4,1
P57NGB1,P57NPA3,1
P57NGB1,P57NTST,1
P57NGB1,P57YAC2,1
P57NGB1,P57YDO2,1
P57NGB1,P57YU11,1
P57NGE1,P57NAA5,1
P57NGE1,P57NBS4,1
P57NGE1,P57NCR1,1
P57NGE1,P57NDO2,1
P57NGE1,P57NDO8,1
P57NGE1,P57NGA1,1
P57NGE1,P57NIA5,1
P57NGE1,P57NJB4,1
P57NGE1,P57NOU1,1
P57NGE1,P57NOU2,1
P57NGE1,P57NSH1,1
P57NGE1,P57NSH3,1
P57NGE1,P57NSN6,1
P57NGE1,P57NWE2,1
P57NGE1,P57YO11,1
P57NGE1,P57YO16,1
P57NGEZ,P57NBS4,1
P57NGEZ,P57NGA1,1
P57NGR1,P57NOP1,1
P57NGR1,P57NRD6,1
P57NGR1,P57NSH1,1
P57NGR1,P57NWB1,1
P57NGR1,P57YA12,1
P57NGR1,P57YO12,1
P57NGR1,P57YO13,1
P57NGR1,P57YO14,1
P57NGR1,P57YR41,1
P57NGR1,P57YSH2,1
P57NGY1,P57NDOB,1
P57NGY2,P57YSH2,1
P57NGY2,T57NGY2,1
P57NH04,P57NBS1,1
P57NH04,P57NJB4,1
P57NH04,P57YR44,1
P57NH04,P57YR46,1
P57NH11,P57BCVU,1
P57NH11,P57NJB4,1
P57NH11,P57NWB1,1
P57NH11,P57YO11,1
P57NH11,P57YV35,1
P57NHD1,P57NCR1,1
P57NHD1,P57NOU1,1
P57NHD1,P57NOU2,1
P57NHD1,P57NSH1,1
P57NHD1,P57NSH3,1
P57NHD1,P57NSN5,1
P57NHD1,P57NSN6,1
P57NHD1,P57NWE2,1
P57NHD1,P57YA91,1
P57NHD1,P57YO11,1
P57NHD1,P57YP14,1
P57NHD1,P57YU11,1
P57NIA1,P57NJI2,1
P57NIA1,P57NJI3,1
P57NIA1,P57NJI4,1
P57NIA1,P57NJI5,1
P57NIA2,P57NJI5,1
P57NIA3,P57NJI5,1
P57NIA4,P57NJI5,1
P57NIA5,P57NJI6,1
P57NIA6,P57NJI2,1
P57NIB1,P57NBS1,1
P57NIBZ,P57NBS1,1
P57NIBZ,P57NBS7,1
P57NIBZ,P57NJB4,1
P57NIG1,P03N507,1
P57NIG1,P57NTST,1
P57NIK1,P57BF1T,1
P57NIK1,P57BF2M,1
P57NIK1,P57BFEO,1
P57NIK1,P57BFEU,1
P57NIK1,P57BFO1,1
P57NIK1,P57BFO2,1
P57NIK1,P57BFO3,1
P57NIK1,P57BSOS,1
P57NIK1,P57YP13,1
P57NIK2,P57BDOR,1
P57NIK2,P57NDO2,1
P57NIK3,P57BSA1,1
P57NIK3,P57NKL1,1
P57NIK3,P57NVTZ,1
P57NIK3,P57NWE2,1
P57NIK3,P57NZA1,1
P57NIK3,P57YU11,1
P57NIK4,P57NIM1,1
P57NIM1,P57BF1T,1
P57NIM1,P57BFER,1
P57NIM1,P57NBA1,1
P57NIM1,P57NBF2,1
P57NIM1,P57NBF3,1
P57NIM1,P57YAC1,1
P57NIM1,P57YAC3,1
P57NIS1,P57BBIS,1
P57NIS1,P57BCVA,1
P57NIS1,P57BDOR,1
P57NIS1,P57BFEO,1
P57NIS1,P57BFER,1
P57NIS1,P57BFEU,1
P57NIS1,P57BFEW,1
P57NIS1,P57BFO1,1
P57NIS1,P57BFO2,1
P57NIS1,P57BFO3,1
P57NIS1,P57BSOC,1
P57NIS1,P57BSON,1
P57NIS1,P57NBF2,1
P57NIS1,P57NDO8,1
P57NIS1,P57NFS1,1
P57NIS1,P57NKL1,1
P57NIS1,P57NSH3,1
P57NIS1,P57NSN2,1
P57NIS1,P57NTST,1
P57NIS1,P57NVT1,1
P57NIS1,P57NWB1,1
P57NIS1,P57NWE2,1
P57NIS1,P57YIK2,1
P57NIS1,P57YSH1,1
P57NIS1,P57YU11,1
P57NJB1,P57NDEA,1
P57NJB1,P57NDEB,1
P57NJB1,P57NDT1,1
P57NJB1,P57NSC2,1
P57NJB1,P57NSD4,1
P57NJB1,P57NUV2,1
P57NJB1,P57YE12,1
P57NJB1,P57YE13,1
P57NJB1,P57YE14,1
P57NJB1,P57YE22,1
P57NJB1,P57YE23,1
P57NJB1,P57YO12,1
P57NJB1,P57YO13,1
P57NJB1,P57YO22,1
P57NJB1,P57YO23,1
P57NJB1,P57YP12,1
P57NJB1,P57YP13,1
P57NJB1,P57YR13,1
P57NJB1,P57YR43,1
P57NJB1,P57YR63,1
P57NJB1,P57YR93,1
P57NJB1,P57YRC3,1
P57NJB1,P57YV12,1
P57NJB1,P57YV13,1
P57NJB1,P57YV22,1
P57NJB1,P57YV23,1
P57NJB1,P57YV24,1
P57NJB1,P57YV33,1
P57NJB1,P57YV34,1
P57NJB1,P57YV43,1
P57NJB1,P57YV44,1
P57NJB2,P57BCVA,1
P57NJB2,P57NCR1,1
P57NJB2,P57NDO2,1
P57NJB2,P57NEB1,1
P57NJB2,P57NEB3,1
P57NJB2,P57NVT1,1
P57NJB3,P57NSN2,1
P57NJB3,P57NTST,1
P57NJB4,P57BBIS,1
P57NJB4,P57BCVA,1
P57NJB4,P57BF2M,1
P57NJB4,P57BFEO,1
P57NJB4,P57BFEU,1
P57NJB4,P57BFEW,1
P57NJB4,P57BFO1,1
P57NJB4,P57BFO2,1
P57NJB4,P57BFO3,1
P57NJB4,P57BSOS,1
P57NJB4,P57NBA1,1
P57NJB4,P57NJB5,1
P57NJB4,P57NWB1,1
P57NJB4,P57YAC1,1
P57NJB4,P57YR43,1
P57NJB4,P57YR63,1
P57NJB4,P57YRC3,1
P57NJB5,P57BF1T,1
P57NJB5,P57NEB1,1
P57NJB5,P57NEB3,1
P57NJD1,P57BCVA,1
P57NJD1,P57BCVG,1
P57NJD1,P57BFEO,1
P57NJD1,P57BFO1,1
P57NJD1,P57BFO2,1
P57NJD1,P57BFO3,1
P57NJD1,P57BUR1,1
P57NJD1,P57NAH1,1
P57NJD1,P57NBF2,1
P57NJD1,P57NBS1,1
P57NJD1,P57NBS5,1
P57NJD1,P57NCR1,1
P57NJD1,P57NDEA,1
P57NJD1,P57NDEB,1
P57NJD1,P57NDO2,1
P57NJD1,P57NDO8,1
P57NJD1,P57NEB1,1
P57NJD1,P57NEB3,1
P57NJD1,P57NIG1,1
P57NJD1,P57NJB1,1
P57NJD1,P57NJB2,1
P57NJD1,P57NJB3,1
P57NJD1,P57NJB4,1
P57NJD1,P57NJB5,1
P57NJD1,P57NKL1,1
P57NJD1,P57NOU1,1
P57NJD1,P57NOU2,1
P57NJD1,P57NPAN,1
P57NJD1,P57NPP1,1
P57NJD1,P57NRP2,1
P57NJD1,P57NSA1,1
P57NJD1,P57NSC2,1
P57NJD1,P57NSH1,1
P57NJD1,P57NSH3,1
P57NJD1,P57NSN6,1
P57NJD1,P57NUP1,1
P57NJD1,P57NUV2,1
P57NJD1,P57NVT1,1
P57NJD1,P57NVTZ,1
P57NJD1,P57NWE2,1
P57NJD1,P57YA81,1
P57NJD1,P57YA82,1
P57NJD1,P57YAC1,1
P57NJD1,P57YE14,1
P57NJD1,P57YE24,1
P57NJD1,P57YO14,1
P57NJD1,P57YO24,1
P57NJD1,P57YU11,1
P57NJD1,P57YV14,1
P57NJD1,P57YV24,1
P57NJD1,P57YV34,1
P57NJD1,P57YV44,1
P57NJD2,P57BFEO,1
P57NJD2,P57BFO1,1
P57NJD2,P57BFO2,1
P57NJD2,P57BFO3,1
P57NJD2,P57NBS1,1
P57NJD2,P57NJB4,1
P57NJD2,P57NJB5,1
P57NJI1,P57NJN1,1
P57NJI2,P57NJN1,1
P57NJI3,P57NJN1,1
P57NJI4,P57NJN1,1
P57NJI5,P57NJN1,1
P57NJI6,P57NJI5,1
P57NJN1,P57YR43,1
P57NJN1,P57YR63,1
P57NJN1,P57YRC3,1
P57NJN1,T57NJN1,1
P57NKD1,P57BFEO,1
P57NKD1,P57NAA4,1
P57NKD1,P57NBS1,1
P57NKD1,P57NBS4,1
P57NKD1,P57NBS5,1
P57NKD1,P57NCR1,1
P57NKD1,P57NDO2,1
P57NKD1,P57NDO8,1
P57NKD1,P57NIA1,1
P57NKD1,P57NJB1,1
P57NKD1,P57NJB4,1
P57NKD1,P57NKDA,1
P57NKD1,P57NOP1,1
P57NKD1,P57NOU1,1
P57NKD1,P57NOU2,1
P57NKD1,P57NSF1,1
P57NKD1,P57NSH1,1
P57NKD1,P57NSH3,1
P57NKD1,P57NSN6,1
P57NKD1,P57NUP1,1
P57NKD1,P57NUV2,1
P57NKD1,P57NV13,1
P57NKD1,P57NVTZ,1
P57NKD1,P57NWE2,1
P57NKD1,P57NZA1,1
P57NKD1,P57YE13,1
P57NKD1,P57YE16,1
P57NKD1,P57YE23,1
P57NKD1,P57YE26,1
P57NKD1,P57YO13,1
P57NKD1,P57YO16,1
P57NKD1,P57YO23,1
P57NKD1,P57YO26,1
P57NKD1,P57YR13,1
P57NKD1,P57YR16,1
P57NKD1,P57YR43,1
P57NKD1,P57YR46,1
P57NKD1,P57YR63,1
P57NKD1,P57YR66,1
P57NKD1,P57YR93,1
P57NKD1,P57YR96,1
P57NKD1,P57YRC3,1
P57NKD1,P57YRC6,1
P57NKD1,P57YV13,1
P57NKD1,P57YV14,1
P57NKD1,P57YV16,1
P57NKD1,P57YV23,1
P57NKD1,P57YV24,1
P57NKD1,P57YV26,1
P57NKD1,P57YV33,1
P57NKD1,P57YV34,1
P57NKD1,P57YV36,1
P57NKD1,P57YV43,1
P57NKD1,P57YV46,1
P57NKD2,P57BFEO,1
P57NKD2,P57NBS1,1
P57NKD2,P57NBS4,1
P57NKDA,P57NCR1,1
P57NKDA,P57NJB4,1
P57NKDA,P57NWB1,1
P57NKDA,P57NWE2,1
P57NKDA,P57YE16,1
P57NKDA,P57YE26,1
P57NKDA,P57YO16,1
P57NKDA,P57YO26,1
P57NKDA,P57YR16,1
P57NKDA,P57YR46,1
P57NKDA,P57YR66,1
P57NKDA,P57YR96,1
P57NKDA,P57YRC6,1
P57NKDA,P57YV16,1
P57NKDA,P57YV26,1
P57NKDA,P57YV36,1
P57NKDA,P57YV46,1
P57NKE1,P57NRP2,1
P57NKE1,P57NUV2,1
P57NKE1,P57YA82,1
P57NKE1,P57YE11,1
P57NKE1,P57YE21,1
P57NKE1,P57YP13,1
P57NKE1,P57YR11,1
P57NKE1,P57YR41,1
P57NKE1,P57YR61,1
P57NKE1,P57YR91,1
P57NKE1,P57YRC1,1
P57NKE1,P57YU13,1
P57NKE1,P57YV11,1
P57NKE1,P57YV13,1
P57NKE1,P57YV21,1
P57NKE1,P57YV31,1
P57NKE1,P57YV33,1
P57NKE1,P57YV41,1
P57NKF1,P57YA81,1
P57NKF1,P57YA82,1
P57NKL1,P60NZ70,1
P57NKP1,P57BNV2,1
P57NKP1,P57BUR1,1
P57NKP1,P57BVVT,1
P57NKP1,P57NAH1,1
P57NKP1,P57NBA1,1
P57NKP1,P57NBF3,1
P57NKP1,P57NCR1,1
P57NKP1,P57NDO2,1
P57NKP1,P57NEA1,1
P57NKP1,P57NJB4,1
P57NKP1,P57NRP2,1
P57NKP1,P57NTST,1
P57NKP1,P57NVTZ,1
P57NKP1,P57NWE2,1
P57NKP1,P57YAC1,1
P57NKP1,P57YAC3,1
P57NKP1,P57YR43,1
P57NKP1,P57YSH1,1
P57NKP1,P57YU11,1
P57NKP1,P57YU13,1
P57NKP2,P57NJB4,1
P57NKP2,P57NJN1,1
P57NKP2,P57NVTZ,1
P57NKP2,P57NZA1,1
P57NKPZ,P57BFER,1
P57NKPZ,P57NBA1,1
P57NKPZ,P57YAC1,1
P57NKPZ,P57YAC3,1
P57NKPZ,P57YU11,1
P57NKS1,P57NTE1,1
P57NKS1,P57NTE2,1
P57NKS1,P57NTST,1
P57NKS1,P57YAC2,1
P57NKS1,P57YDO2,1
P57NKS1,P57YE15,1
P57NKS1,P57YE25,1
P57NKS1,P57YGB2,1
P57NKS1,P57YO15,1
P57NKS1,P57YO25,1
P57NKS1,P57YP15,1
P57NKS1,P57YR15,1
P57NKS1,P57YR45,1
P57NKS1,P57YR65,1
P57NKS1,P57YR95,1
P57NKS1,P57YRC5,1
P57NKS1,P57YSH5,1
P57NKS1,P57YTE2,1
P57NKS1,P57YU15,1
P57NKS1,P57YV15,1
P57NKS1,P57YV25,1
P57NKS1,P57YV35,1
P57NKS1,P57YV45,1
P57NMA1,P57II02,1
P57NMA1,P57N994,1
P57NMA1,P57NJN1,1
P57NMA1,P57YR43,1
P57NMA1,P57YR63,1
P57NMA1,P57YRC3,1
P57NMQ1,P57BAV1,1
P57NMQ1,P57BDO1,1
P57NMQ1,P57BDOR,1
P57NMQ1,P57BF1T,1
P57NMQ1,P57BSA2,1
P57NMQ1,P57BVVT,1
P57NMQ1,P57BZM1,1
P57NMQ1,P57NAO1,1
P57NMQ1,P57NSH3,1
P57NMQ1,P57NWB1,1
P57NMQ2,P57BDO1,1
P57NMQ2,P57BDOR,1
P57NMQ2,P57NDO6,1
P57NMQ3,P57BF1T,1
P57NMQ3,P57BSA2,1
P57NMQ3,P57BVVT,1
P57NMQ3,P57BZM1,1
P57NMQ3,P57NAO1,1
P57NMQ4,P57BAV1,1
P57NMQ4,P57NSH3,1
P57NMQ4,P57NWB1,1
P57NOD1,P57BCVA,1
P57NOD1,P57BF1T,1
P57NOD1,P57BF2M,1
P57NOD1,P57BSH1,1
P57NOD1,P57BSO2,1
P57NOD1,P57BSOE,1
P57NOD1,P57BSOS,1
P57NOD1,P57BVVT,1
P57NOD1,P57NAH1,1
P57NOD1,P57NBF2,1
P57NOD1,P57NBS1,1
P57NOD1,P57NBS4,1
P57NOD1,P57NBS6,1
P57NOD1,P57NBU3,1
P57NOD1,P57NCR1,1
P57NOD1,P57NDO2,1
P57NOD1,P57NDO8,1
P57NOD1,P57NEA4,1
P57NOD1,P57NEB1,1
P57NOD1,P57NEB2,1
P57NOD1,P57NIG1,1
P57NOD1,P57NJB4,1
P57NOD1,P57NJI3,1
P57NOD1,P57NOD2,1
P57NOD1,P57NOU1,1
P57NOD1,P57NOU2,1
P57NOD1,P57NSD1,1
P57NOD1,P57NSD2,1
P57NOD1,P57NSD8,1
P57NOD1,P57NSH1,1
P57NOD1,P57NSH3,1
P57NOD1,P57NSN6,1
P57NOD1,P57NTA1,1
P57NOD1,P57NUP1,1
P57NOD1,P57NUV2,1
P57NOD1,P57NVP1,1
P57NOD1,P57NVS1,1
P57NOD1,P57NVTZ,1
P57NOD1,P57NWE2,1
P57NOD1,P57YA21,1
P57NOD1,P57YA31,1
P57NOD1,P57YO11,1
P57NOD1,P57YO13,1
P57NOD1,P57YO21,1
P57NOD1,P57YO23,1
P57NOD1,P57YR44,1
P57NOD1,P57YU13,1
P57NOD1,P57YV34,1
P57NOD1,P57YV35,1
P57NOD2,P57BF2M,1
P57NOD2,P57BFEO,1
P57NOD2,P57BSOS,1
P57NOD2,P57NDO2,1
P57NOD2,P57NSN5,1
P57NOD2,P57NVT1,1
P57NOD2,P57YV31,1
P57NOD2,P57YV34,1
P57NOD3,P57BF2M,1
P57NOD3,P57BFEO,1
P57NOD3,P57BSOS,1
P57NOD3,P57NBS1,1
P57NOD3,P57NBS4,1
P57NOD3,P57NJB4,1
P57NOD4,P57NBF2,1
P57NOD4,P57NBS4,1
P57NOD4,P57NBS6,1
P57NOD4,P57NEB1,1
P57NOD4,P57NJB4,1
P57NOD4,P57NJB5,1
P57NOD4,P57NSN7,1
P57NOD4,P57NVS1,1
P57NOP1,P57NBS4,1
P57NOP1,P57NUP1,1
P57NOP1,P57NWB1,1
P57NOP1,P57YO11,1
P57NOP1,P57YO12,1
P57NOP1,P57YO13,1
P57NOP1,P57YO21,1
P57NOP1,P57YO22,1
P57NOP1,P57YO23,1
P57NOP1,T57NOP1,1
P57NOU1,P57YAA1,1
P57NOU2,P57YAA2,1
P57NPA1,P57BDO1,1
P57NPA1,P57BDOR,1
P57NPA1,P57BF1T,1
P57NPA1,P57BNV2,1
P57NPA1,P57BVVT,1
P57NPA1,P57II01,1
P57NPA1,P57NBF2,1
P57NPA1,P57NBF3,1
P57NPA1,P57NBO1,1
P57NPA1,P57NCR1,1
P57NPA1,P57NDO2,1
P57NPA1,P57NDOA,1
P57NPA1,P57NKL1,1
P57NPA1,P57NOU1,1
P57NPA1,P57NOU2,1
P57NPA1,P57NP12,1
P57NPA1,P57NPAK,1
P57NPA1,P57NPAN,1
P57NPA1,P57NPG2,1
P57NPA1,P57NPGB,1
P57NPA1,P57NRP1,1
P57NPA1,P57NSA1,1
P57NPA1,P57NSH1,1
P57NPA1,P57NSN6,1
P57NPA1,P57NSQ1,1
P57NPA1,P57NTST,1
P57NPA1,P57NUP1,1
P57NPA1,P57NUV2,1
P57NPA1,P57NVP1,1
P57NPA1,P57NVT1,1
P57NPA1,P57NVTZ,1
P57NPA1,P57NWE2,1
P57NPA1,P57NZA1,1
P57NPA1,P57YA81,1
P57NPA1,P57YA82,1
P57NPA1,P57YE13,1
P57NPA1,P57YE23,1
P57NPA1,P57YO13,1
P57NPA1,P57YO23,1
P57NPA1,P57YP13,1
P57NPA1,P57YP14,1
P57NPA1,P57YR63,1
P57NPA1,P57YV11,1
P57NPA1,P57YV33,1
P57NPA2,P57NSD4,1
P57NPA2,P57NUV1,1
P57NPA2,P57YA81,1
P57NPA3,P57BF2M,1
P57NPA3,P57BFEO,1
P57NPA3,P57BSOS,1
P57NPA3,P57NBS1,1
P57NPA3,P57NBS4,1
P57NPA4,P57BSO8,1
P57NPA4,P57II01,1
P57NPA4,P57NAA1,1
P57NPA4,P57NBF2,1
P57NPA4,P57NBS1,1
P57NPA4,P57NCR1,1
P57NPA4,P57NDO2,1
P57NPA4,P57NIA6,1
P57NPA4,P57NIG1,1
P57NPA4,P57NJB3,1
P57NPA4,P57NJB4,1
P57NPA4,P57NKL1,1
P57NPA4,P57NOP1,1
P57NPA4,P57NOU1,1
P57NPA4,P57NOU2,1
P57NPA4,P57NR11,1
P57NPA4,P57NRP1,1
P57NPA4,P57NSH1,1
P57NPA4,P57NSH3,1
P57NPA4,P57NSN2,1
P57NPA4,P57NSN6,1
P57NPA4,P57NSN7,1
P57NPA4,P57NUP1,1
P57NPA4,P57NUV2,1
P57NPA4,P57NVP1,1
P57NPA4,P57NVTZ,1
P57NPA4,P57NWE2,1
P57NPA4,P57YA61,1
P57NPA4,P57YO13,1
P57NPA4,P57YR43,1
P57NPA4,P57YR63,1
P57NPA4,P57YRC3,1
P57NPA4,P57YSH2,1
P57NPA6,P57NCR1,1
P57NPA6,P57NDO2,1
P57NPA6,P57NDOA,1
P57NPA6,P57NOU1,1
P57NPA6,P57NOU2,1
P57NPA6,P57NSH1,1
P57NPA6,P57NSH3,1
P57NPA6,P57NSN6,1
P57NPA6,P57NUP1,1
P57NPA6,P57NVT1,1
P57NPA6,P57NVTZ,1
P57NPA6,P57NWE2,1
P57NPA6,P57YA81,1
P57NPA6,P57YA82,1
P57NPA6,P57YV33,1
P57NPAA,P57NCR1,1
P57NPAA,P57NED1,1
P57NPAA,P57NPD1,1
P57NPAA,P57NWE2,1
P57NPAA,P57YE14,1
P57NPAA,P57YE24,1
P57NPAA,P57YV14,1
P57NPAA,P57YV34,1
P57NPAF,P57NED2,1
P57NPAF,P57NOU1,1
P57NPAF,P57NSD1,1
P57NPAF,P57NSD2,1
P57NPAF,P57NSD8,1
P57NPAF,P57NUV2,1
P57NPAF,P57YE11,1
P57NPAF,P57YE21,1
P57NPAF,P57YE23,1
P57NPAF,P57YP13,1
P57NPAF,P57YV11,1
P57NPAF,P57YV21,1
P57NPAF,P57YV31,1
P57NPAF,P57YV41,1
P57NPAG,P57NUV2,1
P57NPAG,P57YV13,1
P57NPAG,P57YV23,1
P57NPAG,P57YV33,1
P57NPAG,P57YV43,1
P57NPAH,P57YE14,1
P57NPAI,P57NPA2,1
P57NPAI,P57NPA3,1
P57NPAI,P57NUV2,1
P57NPAJ,P57YP13,1
P57NPAK,P57NPA2,1
P57NPAK,P57NPA3,1
P57NPAL,P57NUV2,1
P57NPAN,P57NSH3,1
P57NPAN,P57NVP1,1
P57NPAN,P57YA81,1
P57NPAN,P57YA82,1
P57NPAN,P57YE12,1
P57NPAN,P57YE14,1
P57NPAN,P57YE22,1
P57NPAN,P57YO12,1
P57NPAN,P57YO13,1
P57NPAN,P57YO22,1
P57NPAN,P57YO23,1
P57NPAN,P57YP12,1
P57NPAN,P57YU14,1
P57NPAN,P57YV12,1
P57NPAN,P57YV13,1
P57NPAN,P57YV22,1
P57NPAN,P57YV23,1
P57NPAN,P57YV24,1
P57NPAN,P57YV33,1
P57NPAN,P57YV34,1
P57NPAN,P57YV43,1
P57NPAN,P57YV44,1
P57NPAW,P01N730,1
P57NPB1,P57BBIS,1
P57NPB1,P57BDO1,1
P57NPB1,P57BDOR,1
P57NPB1,P57BFEO,1
P57NPB1,P57BFER,1
P57NPB1,P57BFO1,1
P57NPB1,P57BFO2,1
P57NPB1,P57BFO3,1
P57NPB1,P57BNV1,1
P57NPB1,P57BPG1,1
P57NPB1,P57NBO1,1
P57NPB1,P57NCR1,1
P57NPB1,P57NDO1,1
P57NPB1,P57NIK1,1
P57NPB1,P57NPG3,1
P57NPB1,P57NRV2,1
P57NPB1,P57NTST,1
P57NPB1,P57NVT1,1
P57NPB1,P57NVTZ,1
P57NPB1,P57NWE2,1
P57NPB2,P57BNV1,1
P57NPB2,P57BNV2,1
P57NPB2,P57BSA2,1
P57NPB2,P57BZM1,1
P57NPB2,P57NBF2,1
P57NPB2,P57NBF3,1
P57NPB2,P57NFS1,1
P57NPB2,P57NSA1,1
P57NPB2,P57NVP1,1
P57NPD1,P57BBIS,1
P57NPD1,P57BCVA,1
P57NPD1,P57BCVB,1
P57NPD1,P57BCVG,1
P57NPD1,P57BCVH,1
P57NPD1,P57BDO1,1
P57NPD1,P57BDOR,1
P57NPD1,P57BF1T,1
P57NPD1,P57BF2M,1
P57NPD1,P57BFEO,1
P57NPD1,P57BFER,1
P57NPD1,P57BFEU,1
P57NPD1,P57BFEW,1
P57NPD1,P57BFO1,1
P57NPD1,P57BFO2,1
P57NPD1,P57BFO3,1
P57NPD1,P57BNV1,1
P57NPD1,P57BSA1,1
P57NPD1,P57BSA2,1
P57NPD1,P57BSH1,1
P57NPD1,P57BSO2,1
P57NPD1,P57BSOE,1
P57NPD1,P57BSOS,1
P57NPD1,P57BSOU,1
P57NPD1,P57BUR1,1
P57NPD1,P57BVVR,1
P57NPD1,P57BVVT,1
P57NPD1,P57BZM1,1
P57NPD1,P57II01,1
P57NPD1,P57NAH1,1
P57NPD1,P57NAO1,1
P57NPD1,P57NBA1,1
P57NPD1,P57NBF2,1
P57NPD1,P57NBF3,1
P57NPD1,P57NBO1,1
P57NPD1,P57NBS1,1
P57NPD1,P57NBS4,1
P57NPD1,P57NBS5,1
P57NPD1,P57NBU3,1
P57NPD1,P57NCR1,1
P57NPD1,P57NDO2,1
P57NPD1,P57NDO8,1
P57NPD1,P57NEA1,1
P57NPD1,P57NEB2,1
P57NPD1,P57NEM1,1
P57NPD1,P57NFS1,1
P57NPD1,P57NFZ1,1
P57NPD1,P57NIG1,1
P57NPD1,P57NIK1,1
P57NPD1,P57NJB1,1
P57NPD1,P57NJB2,1
P57NPD1,P57NJB4,1
P57NPD1,P57NJB5,1
P57NPD1,P57NJI1,1
P57NPD1,P57NKL1,1
P57NPD1,P57NOU1,1
P57NPD1,P57NOU2,1
P57NPD1,P57NP11,1
P57NPD1,P57NPA6,1
P57NPD1,P57NPAF,1
P57NPD1,P57NPAM,1
P57NPD1,P57NRB1,1
P57NPD1,P57NRP1,1
P57NPD1,P57NRV1,1
P57NPD1,P57NRV2,1
P57NPD1,P57NS12,1
P57NPD1,P57NSA1,1
P57NPD1,P57NSC2,1
P57NPD1,P57NSH1,1
P57NPD1,P57NSH3,1
P57NPD1,P57NSN2,1
P57NPD1,P57NSN5,1
P57NPD1,P57NSN6,1
P57NPD1,P57NSN7,1
P57NPD1,P57NST3,1
P57NPD1,P57NTX3,1
P57NPD1,P57NUP1,1
P57NPD1,P57NUR1,1
P57NPD1,P57NUV2,1
P57NPD1,P57NVO1,1
P57NPD1,P57NVP1,1
P57NPD1,P57NVT1,1
P57NPD1,P57NVTZ,1
P57NPD1,P57NWB1,1
P57NPD1,P57NWE2,1
P57NPD1,P57NZA1,1
P57NPD1,P57NZA2,1
P57NPD1,P57NZJA,1
P57NPD1,P57YA21,1
P57NPD1,P57YA31,1
P57NPD1,P57YA82,1
P57NPD1,P57YAA1,1
P57NPD1,P57YAA2,1
P57NPD1,P57YAC3,1
P57NPD1,P57YO13,1
P57NPD1,P57YP11,1
P57NPD1,P57YP13,1
P57NPD1,P57YR43,1
P57NPD1,P57YSH1,1
P57NPD1,P57YSN2,1
P57NPD1,P57YU11,1
P57NPD1,P57YU13,1
P57NPD1,P57YU14,1
P57NPD1,P57YU15,1
P57NPD1,P57YV14,1
P57NPD1,P57YV24,1
P57NPD1,P57YVT2,1
P57NPD2,P57BCVG,1
P57NPD2,P57BFO1,1
P57NPD2,P57BFO2,1
P57NPD2,P57BFO3,1
P57NPD2,P57NBS1,1
P57NPD2,P57NBS4,1
P57NPD2,P57NCR1,1
P57NPD2,P57NJB5,1
P57NPD2,P57NSH1,1
P57NPD2,P57NSN6,1
P57NPD2,P57NWE2,1
P57NPD3,P57YAA1,1
P57NPD3,P57YAA2,1
P57NPD3,P57YTST,1
P57NPD3,P57YU13,1
P57NPF1,P57BBIS,1
P57NPG1,P57BCVA,1
P57NPG1,P57BCVB,1
P57NPG1,P57BDOR,1
P57NPG1,P57BF1T,1
P57NPG1,P57BFER,1
P57NPG1,P57BSOC,1
P57NPG1,P57BSOI,1
P57NPG1,P57BSON,1
P57NPG1,P57BSOQ,1
P57NPG1,P57BUR1,1
P57NPG1,P57BVVT,1
P57NPG1,P57II01,1
P57NPG1,P57NAA1,1
P57NPG1,P57NAH1,1
P57NPG1,P57NAO1,1
P57NPG1,P57NBF2,1
P57NPG1,P57NBF3,1
P57NPG1,P57NCR1,1
P57NPG1,P57NDO1,1
P57NPG1,P57NDO2,1
P57NPG1,P57NDO8,1
P57NPG1,P57NEA4,1
P57NPG1,P57NIG1,1
P57NPG1,P57NIK1,1
P57NPG1,P57NJB4,1
P57NPG1,P57NJI3,1
P57NPG1,P57NKL1,1
P57NPG1,P57NOD2,1
P57NPG1,P57NOU1,1
P57NPG1,P57NOU2,1
P57NPG1,P57NPA6,1
P57NPG1,P57NPAF,1
P57NPG1,P57NPAN,1
P57NPG1,P57NPB1,1
P57NPG1,P57NPB2,1
P57NPG1,P57NSA1,1
P57NPG1,P57NSD1,1
P57NPG1,P57NSD2,1
P57NPG1,P57NSD8,1
P57NPG1,P57NSH1,1
P57NPG1,P57NSH3,1
P57NPG1,P57NSN2,1
P57NPG1,P57NSN5,1
P57NPG1,P57NSN6,1
P57NPG1,P57NTST,1
P57NPG1,P57NVT1,1
P57NPG1,P57NVTZ,1
P57NPG1,P57NWB1,1
P57NPG1,P57NWB2,1
P57NPG1,P57NWE2,1
P57NPG1,P57NZA1,1
P57NPG1,P57YA21,1
P57NPG1,P57YA71,1
P57NPG1,P57YA81,1
P57NPG1,P57YA82,1
P57NPG1,P57YAC3,1
P57NPG1,P57YE11,1
P57NPG1,P57YE14,1
P57NPG1,P57YO11,1
P57NPG1,P57YO16,1
P57NPG1,P57YO21,1
P57NPG1,P57YP11,1
P57NPG1,P57YP13,1
P57NPG1,P57YP14,1
P57NPG1,P57YP15,1
P57NPG1,P57YPG2,1
P57NPG1,P57YR11,1
P57NPG1,P57YR41,1
P57NPG1,P57YR61,1
P57NPG1,P57YR91,1
P57NPG1,P57YRC1,1
P57NPG1,P57YSH1,1
P57NPG1,P57YSH2,1
P57NPG1,P57YSH5,1
P57NPG1,P57YU11,1
P57NPG1,P57YU13,1
P57NPG1,P57YV35,1
P57NPG2,P57BPG2,1
P57NPG2,P57BPG3,1
P57NPG2,P57BPG6,1
P57NPG2,P57BSOI,1
P57NPG2,P57NPA3,1
P57NPG2,P57NWB1,1
P57NPG2,P57NWB2,1
P57NPG3,P57NTST,1
P57NPG4,P57BBIS,1
P57NPG4,P57BPG6,1
P57NPG4,P57NBF2,1
P57NPG4,P57NBF3,1
P57NPG4,P57NDO1,1
P57NPG4,P57NDO2,1
P57NPG4,P57NDO8,1
P57NPG4,P57NFS1,1
P57NPG4,P57NTST,1
P57NPG4,P57NWB1,1
P57NPG4,P57YA71,1
P57NPG4,P57YU11,1
P57NPGB,P57NTST,1
P57NPM1,P57BPM2,1
P57NPM1.IP57NPM3,P57NPM1,1
P57NPM1.IP57NPM4,P57NPM1,1
P57NPM1.IP57NPM5,P57NPM1,1
P57NPM1.IP57NPM6,P57NPM1,1
P57NPP1,P57NBS4,1
P57NPP1,P57NUP1,1
P57NPP1,P57NWB1,1
P57NPP1,P57YP13,1
P57NPR1,P57NDEB,1
P57NPR1,P57YA84,1
P57NPRZ,P57NDEB,1
P57NPRZ,P57YA84,1
P57NPV1,P57YA81,1
P57NR11,P57NBF2,1
P57NR11,P57NBS1,1
P57NR11,P57NCR1,1
P57NR11,P57NDO2,1
P57NR11,P57NDO8,1
P57NR11,P57NJB4,1
P57NR11,P57NOU1,1
P57NR11,P57NOU2,1
P57NR11,P57NSH3,1
P57NR11,P57NTST,1
P57NR11,P57NVT1,1
P57NR11,P57YR44,1
P57NRA1,P57NOU1,1
P57NRA1,P57NOU2,1
P57NRA1,P57NSA1,1
P57NRA1,P57NSH1,1
P57NRA1,P57NSH3,1
P57NRA1,P57NSN6,1
P57NRB1,P57BF2M,1
P57NRB1,P57BFEO,1
P57NRB1,P57BFEW,1
P57NRB1,P57BSOS,1
P57NRB1,P57NBS1,1
P57NRB1,P57NDO2,1
P57NRB1,P57NDOA,1
P57NRB1,P57NRBA,1
P57NRB1,P57NRBB,1
P57NRB1,P57NRP2,1
P57NRB1,P57NUP1,1
P57NRB1,P57NUV2,1
P57NRB1,P57YE12,1
P57NRB1,P57YE14,1
P57NRB1,P57YE22,1
P57NRB1,P57YO12,1
P57NRB1,P57YO22,1
P57NRB1,P57YR11,1
P57NRB1,P57YR13,1
P57NRB1,P57YR41,1
P57NRB1,P57YR43,1
P57NRB1,P57YR61,1
P57NRB1,P57YR63,1
P57NRB1,P57YR91,1
P57NRB1,P57YR93,1
P57NRB1,P57YRC1,1
P57NRB1,P57YRC3,1
P57NRB1,P57YV12,1
P57NRB1,P57YV13,1
P57NRB1,P57YV23,1
P57NRB1,P57YV33,1
P57NRB2,P57NRBA,1
P57NRB3,P57BF2M,1
P57NRB3,P57BFEO,1
P57NRB3,P57BSOS,1
P57NRB3,P57NBS1,1
P57NRB3,P57NBS4,1
P57NRBA,P57YR46,1
P57NRBA,P57YR66,1
P57NRBB,P57NBS5,1
P57NRBB,P57NVO1,1
P57NRBB,P57YR43,1
P57NRBB,P57YR63,1
P57NRD1,P57BCVB,1
P57NRD1,P57BF2M,1
P57NRD1,P57BFEO,1
P57NRD1,P57BNV2,1
P57NRD1,P57BSH1,1
P57NRD1,P57BSOS,1
P57NRD1,P57NAH1,1
P57NRD1,P57NBF2,1
P57NRD1,P57NBF3,1
P57NRD1,P57NBS1,1
P57NRD1,P57NBS4,1
P57NRD1,P57NBS6,1
P57NRD1,P57NBU3,1
P57NRD1,P57NCR1,1
P57NRD1,P57NDEA,1
P57NRD1,P57NDO2,1
P57NRD1,P57NDO8,1
P57NRD1,P57NDOA,1
P57NRD1,P57NDT1,1
P57NRD1,P57NEA3,1
P57NRD1,P57NEB1,1
P57NRD1,P57NEB2,1
P57NRD1,P57NFS1,1
P57NRD1,P57NJB4,1
P57NRD1,P57NJI5,1
P57NRD1,P57NOU1,1
P57NRD1,P57NOU2,1
P57NRD1,P57NPAN,1
P57NRD1,P57NRB1,1
P57NRD1,P57NRBB,1
P57NRD1,P57NRIF,1
P57NRD1,P57NRP2,1
P57NRD1,P57NSA1,1
P57NRD1,P57NSC2,1
P57NRD1,P57NSH1,1
P57NRD1,P57NSH3,1
P57NRD1,P57NSN6,1
P57NRD1,P57NST3,1
P57NRD1,P57NUP1,1
P57NRD1,P57NUV2,1
P57NRD1,P57NVT1,1
P57NRD1,P57NVTZ,1
P57NRD1,P57NWE2,1
P57NRD1,P57NZA1,1
P57NRD1,P57YA21,1
P57NRD1,P57YA31,1
P57NRD1,P57YA82,1
P57NRD1,P57YAB1,1
P57NRD1,P57YAC2,1
P57NRD1,P57YE12,1
P57NRD1,P57YE14,1
P57NRD1,P57YE22,1
P57NRD1,P57YO12,1
P57NRD1,P57YO22,1
P57NRD1,P57YR11,1
P57NRD1,P57YR13,1
P57NRD1,P57YR14,1
P57NRD1,P57YR41,1
P57NRD1,P57YR43,1
P57NRD1,P57YR44,1
P57NRD1,P57YR61,1
P57NRD1,P57YR63,1
P57NRD1,P57YR64,1
P57NRD1,P57YR91,1
P57NRD1,P57YR93,1
P57NRD1,P57YRC1,1
P57NRD1,P57YRC3,1
P57NRD1,P57YSH2,1
P57NRD1,P57YV12,1
P57NRD1,P57YV14,1
P57NRD1,P57YV16,1
P57NRD2,P57BUR1,1
P57NRD2,P57NBS4,1
P57NRD2,P57NBU3,1
P57NRD2,P57NCR1,1
P57NRD2,P57NDO2,1
P57NRD2,P57NEB1,1
P57NRD2,P57NJB4,1
P57NRD2,P57NOU1,1
P57NRD2,P57NOU2,1
P57NRD2,P57NRIF,1
P57NRD2,P57NSH1,1
P57NRD2,P57NSH3,1
P57NRD2,P57NSN6,1
P57NRD2,P57NVS1,1
P57NRD2,P57NVT1,1
P57NRD2,P57NVTZ,1
P57NRD2,P57NWE2,1
P57NRD2,P57YE12,1
P57NRD2,P57YE13,1
P57NRD2,P57YE14,1
P57NRD2,P57YE22,1
P57NRD2,P57YE23,1
P57NRD2,P57YO12,1
P57NRD2,P57YO13,1
P57NRD2,P57YO14,1
P57NRD2,P57YO22,1
P57NRD2,P57YO23,1
P57NRD2,P57YR11,1
P57NRD2,P57YR13,1
P57NRD2,P57YR14,1
P57NRD2,P57YR41,1
P57NRD2,P57YR43,1
P57NRD2,P57YR44,1
P57NRD2,P57YR61,1
P57NRD2,P57YR63,1
P57NRD2,P57YR64,1
P57NRD2,P57YR66,1
P57NRD2,P57YR91,1
P57NRD2,P57YR93,1
P57NRD2,P57YRC1,1
P57NRD2,P57YRC3,1
P57NRD2,P57YSH2,1
P57NRD2,P57YSH3,1
P57NRD2,P57YV12,1
P57NRD2,P57YV13,1
P57NRD3,P57BF2M,1
P57NRD3,P57BFEO,1
P57NRD3,P57BSOS,1
P57NRD3,P57NBS1,1
P57NRD3,P57NBS4,1
P57NRD3,P57NJB4,1
P57NRD3,P57NRB1,1
P57NRD4,P57NRP2,1
P57NRD5,P57BSOG,1
P57NRD5,P57NBS4,1
P57NRD5,P57NBS6,1
P57NRD5,P57NDEB,1
P57NRD5,P57NDT1,1
P57NRD5,P57NJB1,1
P57NRD5,P57NJB4,1
P57NRD5,P57NJB5,1
P57NRD5,P57NKL1,1
P57NRD5,P57NRB1,1
P57NRD5,P57NRBB,1
P57NRD5,P57NUV2,1
P57NRD5,P57NVTZ,1
P57NRD5,P57YR43,1
P57NRD6,P57BCVB,1
P57NRD6,P57BNV2,1
P57NRD6,P57NBS6,1
P57NRD6,P57NJB4,1
P57NRD6,P57NRB1,1
P57NRD6,P57NRBB,1
P57NRD6,P57NRP2,1
P57NRD6,P57NUP1,1
P57NRD6,P57NUV2,1
P57NRD6,P57YE12,1
P57NRD6,P57YE14,1
P57NRD6,P57YE22,1
P57NRD6,P57YO12,1
P57NRD6,P57YO22,1
P57NRD6,P57YR13,1
P57NRD6,P57YR43,1
P57NRD6,P57YR63,1
P57NRD6,P57YR93,1
P57NRD6,P57YRC3,1
P57NRD6,P57YV12,1
P57NRE1,P57NBS4,1
P57NRE1,P57NRBB,1
P57NRE1,P57NRP2,1
P57NRE1,P57NSD4,1
P57NRE1,P57NUV2,1
P57NRE2,P57NSD4,1
P57NRI1,P57NAA3,1
P57NRI1,P57NBS7,1
P57NRI1,P57NOU1,1
P57NRI1,P57NOU2,1
P57NRI1,P57NRIF,1
P57NRI1,P57NSH1,1
P57NRI1,P57NWE2,1
P57NRI1,P57YAZ1,1
P57NRI1,P57YO12,1
P57NRIF,P57NRP1,1
P57NRIF,P57NUP1,1
P57NRIF,P57YAZ1,1
P57NRIF,T57NRIF,1
P57NRIZ,P57NBS7,1
P57NRIZ,P57NSD4,1
P57NRIZ,P57YAZ1,1
P57NRIZ,P57YO12,1
P57NRP1,P57NBS4,1
P57NRP1,P57NRBB,1
P57NRP1,P57NUP1,1
P57NRP1,P57NWB1,1
P57NRP1,P57YAC3,1
P57NRP1,P57YO12,1
P57NRP1,P57YR11,1
P57NRP1,P57YR13,1
P57NRP1,P57YR41,1
P57NRP1,P57YR43,1
P57NRP1,P57YR44,1
P57NRP1,P57YR61,1
P57NRP1,P57YR63,1
P57NRP1,P57YR91,1
P57NRP1,P57YR93,1
P57NRP1,P57YRC1,1
P57NRP1,P57YRC3,1
P57NRP2,P57YR13,1
P57NRP2,P57YR43,1
P57NRP2,P57YR63,1
P57NRP2,P57YR93,1
P57NRP2,P57YRC3,1
P57NRST,P57BBIS,1
P57NRST,P57BFEO,1
P57NRST,P57BFER,1
P57NRST,P57BFO1,1
P57NRST,P57BFO2,1
P57NRST,P57BFO3,1
P57NRST,P57BNV1,1
P57NRST,P57BNV2,1
P57NRST,P57BSOQ,1
P57NRST,P57BZM1,1
P57NRU1,P57NWB1,1
P57NRV1,P02Y555,1
P57NRV1,P17Y555,1
P57NRV1,P57NTST,1
P57NRV2,P02Y555,1
P57NRV2,P17Y555,1
P57NS11,P57BBIS,1
P57NS11,P57BF2M,1
P57NS11,P57BFEO,1
P57NS11,P57BSO2,1
P57NS11,P57BSOE,1
P57NS11,P57BSOS,1
P57NS11,P57NAH1,1
P57NS11,P57NDO2,1
P57NS11,P57NDO8,1
P57NS11,P57NFS1,1
P57NS11,P57NIG1,1
P57NS11,P57NJB1,1
P57NS11,P57NJB2,1
P57NS11,P57NJB5,1
P57NS11,P57NSA1,1
P57NS11,P57NSN5,1
P57NS11,P57NSN6,1
P57NS11,P57NUP1,1
P57NS11,P57NZA1,1
P57NS13,P57BF1T,1
P57NS13,P57BVVT,1
P57NS13,P57NBF3,1
P57NS13,P57NBU3,1
P57NS13,P57NCR1,1
P57NS13,P57NEM1,1
P57NS13,P57NJB4,1
P57NS13,P57NJN1,1
P57NS13,P57NOU1,1
P57NS13,P57NOU2,1
P57NS13,P57NP12,1
P57NS13,P57NSH1,1
P57NS13,P57NSH3,1
P57NS13,P57NSN5,1
P57NS13,P57NSN6,1
P57NS13,P57NVTZ,1
P57NS13,P57NWB1,1
P57NS13,P57NWE2,1
P57NS13,P57NZA1,1
P57NS13,P57NZA2,1
P57NS13,P57NZJA,1
P57NS13,P57YP12,1
P57NS13,P57YR13,1
P57NS13,P57YR43,1
P57NS13,P57YR63,1
P57NS13,P57YR93,1
P57NS13,P57YRC3,1
P57NS13,P57YV14,1
P57NS21,P57BAT1,1
P57NS21,P57BF1T,1
P57NS21,P57BSA1,1
P57NS21,P57BSA2,1
P57NS21,P57BSA3,1
P57NS21,P57BVVR,1
P57NS21,P57BVVT,1
P57NS21,P57NBS3,1
P57NS21,P57NDEB,1
P57NS21,P57NS12,1
P57NS21,P57NUP1,1
P57NS21,P57NUV2,1
P57NS21,P57YAB1,1
P57NS21,P57YE11,1
P57NS21,P57YE13,1
P57NS21,P57YP14,1
P57NS21,P57YR61,1
P57NS21,P57YR63,1
P57NS21,P57YRC3,1
P57NS21,P57YV14,1
P57NS21,P57YV24,1
P57NS22,P57BVVT,1
P57NS2Z,P57NDEB,1
P57NS2Z,P57NUV2,1
P57NS2Z,P57YAB1,1
P57NS2Z,P57YP13,1
P57NS31,P57BCVG,1
P57NS31,P57NBS5,1
P57NS31,P57NED4,1
P57NS31,P57NOD1,1
P57NS31,P57NPD1,1
P57NS31,P57NRD6,1
P57NS31,P57NVD6,1
P57NS31,P57YA21,1
P57NSA1,P57BSA1,1
P57NSB1,P57BFEU,1
P57NSB1,P57BFEW,1
P57NSB1,P57BFO1,1
P57NSB1,P57BFO2,1
P57NSB1,P57BFO3,1
P57NSB1,P57NBS5,1
P57NSB1,P57NVO1,1
P57NSB2,P57NVP1,1
P57NSB3,P57BF1T,1
P57NSB3,P57BFER,1
P57NSB3,P57BFEU,1
P57NSB3,P57BFEW,1
P57NSB3,P57BFO1,1
P57NSB3,P57BFO2,1
P57NSB3,P57BFO3,1
P57NSB3,P57NBS1,1
P57NSB3,P57NBS4,1
P57NSB3,P57NBS5,1
P57NSB3,P57NCR1,1
P57NSB3,P57NEB1,1
P57NSB3,P57NFER,1
P57NSB3,P57NPAN,1
P57NSB3,P57NUP1,1
P57NSB3,P57NUV2,1
P57NSB3,P57NVO1,1
P57NSB3,P57YA82,1
P57NSB3,P57YAC1,1
P57NSB4,P57BNV2,1
P57NSB4,P57BZM1,1
P57NSB4,P57NBDB,1
P57NSB4,P57NDEB,1
P57NSB4,P57NDT1,1
P57NSB4,P57NFS1,1
P57NSB4,P57NIG1,1
P57NSB4,P57NJB4,1
P57NSB4,P57NRB1,1
P57NSB4,P57NRP1,1
P57NSB4,P57YAZ1,1
P57NSB5,P57II01,1
P57NSB5,P57NBA1,1
P57NSB5,P57NBS4,1
P57NSB5,P57NJB4,1
P57NSB5,P57NRBB,1
P57NSB5,P57NUP1,1
P57NSB5,P57NUV2,1
P57NSB5,P57YAC1,1
P57NSB7,P57NUV2,1
P57NSB8,P57NUP1,1
P57NSC1,P57BUR1,1
P57NSC1,P57BVVT,1
P57NSC1,P57NAH1,1
P57NSC1,P57NBF3,1
P57NSC1,P57NCR1,1
P57NSC1,P57NJB4,1
P57NSC1,P57NTST,1
P57NSC1,P57NWE2,1
P57NSC1,P57YA21,1
P57NSC1,P57YAC3,1
P57NSC2,P57BDO1,1
P57NSC2,P57BDOR,1
P57NSC2,P57NDO2,1
P57NSC2,P57NDT1,1
P57NSC2,P57NTST,1
P57NSC2,P57NVP1,1
P57NSC3,P57NBF2,1
P57NSC3,P57NBF3,1
P57NSC3,P57NCR1,1
P57NSC3,P57NKDA,1
P57NSC3,P57NKL1,1
P57NSC3,P57NSH1,1
P57NSC3,P57YSH1,1
P57NSD1,P57BVVR,1
P57NSD1,P57NVP1,1
P57NSD1,P57NZA1,1
P57NSD1,P57YAC2,1
P57NSD1,P57YO16,1
P57NSD1,P57YU12,1
P57NSD2,P57BZM1,1
P57NSD2,P57NDO7,1
P57NSD2,P57NJB1,1
P57NSD2,P57NWB1,1
P57NSD2,P57NWE2,1
P57NSD2,P57NZA1,1
P57NSD2,P57YA21,1
P57NSD2,P57YA31,1
P57NSD2,P57YP13,1
P57NSD2,P57YU13,1
P57NSD3,P57NJB4,1
P57NSD3,P57NUP1,1
P57NSD3,P57YA81,1
P57NSD3,P57YA82,1
P57NSD3,P57YE12,1
P57NSD3,P57YE13,1
P57NSD3,P57YE14,1
P57NSD3,P57YE22,1
P57NSD3,P57YE23,1
P57NSD3,P57YO12,1
P57NSD3,P57YO13,1
P57NSD3,P57YO22,1
P57NSD3,P57YO23,1
P57NSD3,P57YP12,1
P57NSD3,P57YP13,1
P57NSD3,P57YR13,1
P57NSD3,P57YR43,1
P57NSD3,P57YR63,1
P57NSD3,P57YR93,1
P57NSD3,P57YRC3,1
P57NSD3,P57YU14,1
P57NSD3,P57YV12,1
P57NSD3,P57YV13,1
P57NSD3,P57YV14,1
P57NSD3,P57YV22,1
P57NSD3,P57YV23,1
P57NSD3,P57YV24,1
P57NSD3,P57YV33,1
P57NSD3,P57YV34,1
P57NSD3,P57YV43,1
P57NSD3,P57YV44,1
P57NSD4,P57NBS4,1
P57NSD4,P57NSB5,1
P57NSD4,P57NUV1,1
P57NSD4,P57YA21,1
P57NSD4,P57YA31,1
P57NSD4,P57YP13,1
P57NSD4,P57YR43,1
P57NSD5,P57YA51,1
P57NSD8,P57NBO1,1
P57NSD8,P57NBS5,1
P57NSD8,P57NSD4,1
P57NSD8,P57NVO1,1
P57NSD8,P57YA21,1
P57NSD8,P57YAA1,1
P57NSD8,P57YE11,1
P57NSD8,P57YE21,1
P57NSD8,P57YO11,1
P57NSD8,P57YO21,1
P57NSD8,P57YR11,1
P57NSD8,P57YR41,1
P57NSD8,P57YR61,1
P57NSD8,P57YR91,1
P57NSD8,P57YRC1,1
P57NSD8,P57YU13,1
P57NSD8,P57YV11,1
P57NSD8,P57YV21,1
P57NSD8,P57YV31,1
P57NSD8,P57YV41,1
P57NSD9,P57BCVA,1
P57NSD9,P57BF1T,1
P57NSD9,P57BFER,1
P57NSD9,P57BVVT,1
P57NSD9,P57NBS1,1
P57NSD9,P57NBS6,1
P57NSD9,P57NJB4,1
P57NSD9,P57NPAF,1
P57NSD9,P57NPAK,1
P57NSD9,P57NPG2,1
P57NSD9,P57NPGB,1
P57NSD9,P57NSQ1,1
P57NSD9,P57NUV2,1
P57NSD9,P57NVS1,1
P57NSD9,P57YA21,1
P57NSD9,P57YP13,1
P57NSD9,P57YU14,1
P57NSD9,P57YV13,1
P57NSD9,P57YV14,1
P57NSD9,P57YV24,1
P57NSD9,P57YV33,1
P57NSF1,P57NSB9,1
P57NSG1,P57NBS4,1
P57NSG1,P57NCR1,1
P57NSG1,P57NDO2,1
P57NSG1,P57NDOA,1
P57NSG1,P57NEA3,1
P57NSG1,P57NIA4,1
P57NSG1,P57NJB4,1
P57NSG1,P57NOU1,1
P57NSG1,P57NOU2,1
P57NSG1,P57NRB1,1
P57NSG1,P57NRBB,1
P57NSG1,P57NRP2,1
P57NSG1,P57NSA1,1
P57NSG1,P57NSH1,1
P57NSG1,P57NSH3,1
P57NSG1,P57NUV2,1
P57NSG1,P57NWE2,1
P57NSG1,P57YR41,1
P57NSG1,T57NSG1,1
P57NSGY,P57BCVB,1
P57NSGY,P57NRBB,1
P57NSGY,P57NRP2,1
P57NSGY,P57NUV2,1
P57NSGY,P57YR43,1
P57NSGZ,P57BCVB,1
P57NSGZ,P57NBS4,1
P57NSGZ,P57NRB1,1
P57NSH1,P57YSH2,1
P57NSH2,P57YSH2,1
P57NSH3,P57NSN5,1
P57NSH4,P57NBS1,1
P57NSL4,P57NSQ1,1
P57NSN1,P57NSF1,1
P57NSN4,P57NSQ1,1
P57NSN5,P12N9E1,1
P57NSN5,P12NF70,1
P57NSN5,P12NN63,1
P57NSN5,P12NT09,1
P57NSN6,P12N900,1
P57NSN7,P12N9H0,1
P57NSO1,P57YP11,1
P57NSP2,P57NSQ1,1
P57NSQ1,P57NOU1,1
P57NST1,P57BAT1,1
P57NST1,P57BCVP,1
P57NST1,P57BDO1,1
P57NST1,P57BDO3,1
P57NST1,P57BDOR,1
P57NST1,P57BF1T,1
P57NST1,P57BF2M,1
P57NST1,P57BFEO,1
P57NST1,P57BFER,1
P57NST1,P57BFEU,1
P57NST1,P57BFEW,1
P57NST1,P57BFO1,1
P57NST1,P57BFO2,1
P57NST1,P57BFO3,1
P57NST1,P57BNV1,1
P57NST1,P57BNV2,1
P57NST1,P57BSA1,1
P57NST1,P57BSA2,1
P57NST1,P57BSA3,1
P57NST1,P57BSH1,1
P57NST1,P57BSOS,1
P57NST1,P57BUR1,1
P57NST1,P57BVVT,1
P57NST1,P57BZM1,1
P57NST1,P57NBA1,1
P57NST1,P57NBS4,1
P57NST1,P57NCR1,1
P57NST1,P57NDO2,1
P57NST1,P57NDO4,1
P57NST1,P57NDO8,1
P57NST1,P57NED1,1
P57NST1,P57NED4,1
P57NST1,P57NIG1,1
P57NST1,P57NIK1,1
P57NST1,P57NKD1,1
P57NST1,P57NKD2,1
P57NST1,P57NKDA,1
P57NST1,P57NOD1,1
P57NST1,P57NOU1,1
P57NST1,P57NOU2,1
P57NST1,P57NPA3,1
P57NST1,P57NPD1,1
P57NST1,P57NRA1,1
P57NST1,P57NRD1,1
P57NST1,P57NRD6,1
P57NST1,P57NSB1,1
P57NST1,P57NSB9,1
P57NST1,P57NSD1,1
P57NST1,P57NSH1,1
P57NST1,P57NSH3,1
P57NST1,P57NSH4,1
P57NST1,P57NSN6,1
P57NST1,P57NUP1,1
P57NST1,P57NVD1,1
P57NST1,P57NVD6,1
P57NST1,P57NVS1,1
P57NST1,P57NVTZ,1
P57NST1,P57NWB1,1
P57NST1,P57NWE2,1
P57NST1,P57NZA1,1
P57NST1,P57YA21,1
P57NST1,P57YA31,1
P57NST1,P57YA61,1
P57NST1,P57YA82,1
P57NST1,P57YAC1,1
P57NST1,P57YAC3,1
P57NST1,P57YE11,1
P57NST1,P57YE21,1
P57NST1,P57YO11,1
P57NST1,P57YO14,1
P57NST1,P57YO21,1
P57NST1,P57YP11,1
P57NST1,P57YP14,1
P57NST1,P57YR11,1
P57NST1,P57YR41,1
P57NST1,P57YR44,1
P57NST1,P57YR61,1
P57NST1,P57YR91,1
P57NST1,P57YRC1,1
P57NST1,P57YU11,1
P57NST1,P57YU13,1
P57NST1,P57YV11,1
P57NST1,P57YV13,1
P57NST1,P57YV14,1
P57NST1,P57YV15,1
P57NST1,P57YV16,1
P57NST1,P57YV21,1
P57NST1,P57YV23,1
P57NST1,P57YV24,1
P57NST1,P57YV25,1
P57NST1,P57YV26,1
P57NST1,P57YV31,1
P57NST1,P57YV33,1
P57NST1,P57YV34,1
P57NST1,P57YV35,1
P57NST1,P57YV36,1
P57NST1,P57YV41,1
P57NST1,P57YV46,1
P57NST2,P57BFER,1
P57NST2,P57BVVT,1
P57NST2,P57NVTZ,1
P57NST3,P57NFS1,1
P57NSTZ,P57BAT1,1
P57NSTZ,P57BBIS,1
P57NSTZ,P57BDO1,1
P57NSTZ,P57BDO3,1
P57NSTZ,P57BDOR,1
P57NSTZ,P57BF1T,1
P57NSTZ,P57BF2M,1
P57NSTZ,P57BFEO,1
P57NSTZ,P57BFER,1
P57NSTZ,P57BFEU,1
P57NSTZ,P57BFEW,1
P57NSTZ,P57BFO1,1
P57NSTZ,P57BFO2,1
P57NSTZ,P57BFO3,1
P57NSTZ,P57BNV1,1
P57NSTZ,P57BNV2,1
P57NSTZ,P57BSA1,1
P57NSTZ,P57BSA2,1
P57NSTZ,P57BSA3,1
P57NSTZ,P57BSH1,1
P57NSTZ,P57BSOQ,1
P57NSTZ,P57BSOS,1
P57NSTZ,P57BVVT,1
P57NSTZ,P57BZM1,1
P57NSTZ,P57NBA1,1
P57NSTZ,P57NBS4,1
P57NSTZ,P57NIK1,1
P57NSTZ,P57NRA1,1
P57NSTZ,P57NSB1,1
P57NSTZ,P57NSB9,1
P57NSTZ,P57NSH4,1
P57NSTZ,P57NVTZ,1
P57NSTZ,P57YA21,1
P57NSTZ,P57YA31,1
P57NSTZ,P57YA61,1
P57NSTZ,P57YA81,1
P57NSTZ,P57YA82,1
P57NSTZ,P57YAC1,1
P57NSTZ,P57YAC3,1
P57NSTZ,P57YAT0,1
P57NSTZ,P57YP14,1
P57NSTZ,P57YU11,1
P57NSTZ,P57YU13,1
P57NSTZ,P57YU14,1
P57NSTZ,P57YV11,1
P57NSTZ,P57YV13,1
P57NSTZ,P57YV16,1
P57NSTZ,P57YV21,1
P57NSTZ,P57YV23,1
P57NSTZ,P57YV26,1
P57NSTZ,P57YV31,1
P57NSTZ,P57YV33,1
P57NSTZ,P57YV36,1
P57NSTZ,P57YV46,1
P57NSTZ,P57YVT2,1
P57NT16,P57NT2F,1
P57NT2G,P57NT2F,1
P57NT45,P57NT2F,1
P57NTA1,P57NBS5,1
P57NTA1,P57NJB1,1
P57NTA1,P57NVO1,1
P57NTA1,P57YR14,1
P57NTA1,P57YR44,1
P57NTA1,P57YR64,1
P57NTA1,P57YR94,1
P57NTA1,P57YRC4,1
P57NTB1,P57BF1T,1
P57NTB1,P57BVVT,1
P57NTB1,P57NCR1,1
P57NTB1,P57NDO2,1
P57NTB1,P57NDO8,1
P57NTB1,P57NED1,1
P57NTB1,P57NED2,1
P57NTB1,P57NIK1,1
P57NTB1,P57NOU1,1
P57NTB1,P57NOU2,1
P57NTB1,P57NPA6,1
P57NTB1,P57NPAA,1
P57NTB1,P57NPG1,1
P57NTB1,P57NPP1,1
P57NTB1,P57NSH1,1
P57NTB1,P57NSH3,1
P57NTB1,P57NSN6,1
P57NTB1,P57NTST,1
P57NTB1,P57NVP1,1
P57NTB1,P57NWB2,1
P57NTB1,P57NWE2,1
P57NTB1,P57YA12,1
P57NTB1,P57YA14,1
P57NTB1,P57YA82,1
P57NTB1,P57YE11,1
P57NTB1,P57YP14,1
P57NTB1,P57YV14,1
P57NTB1,P57YV24,1
P57NTB1,P57YV34,1
P57NTB1,P57YV44,1
P57NTD1,P57NBS4,1
P57NTD1,P57NCR1,1
P57NTD1,P57NDO2,1
P57NTD1,P57NSH1,1
P57NTD1,P57NSN5,1
P57NTD1,P57NUV2,1
P57NTD1,P57NWE2,1
P57NTD1,P57YE13,1
P57NTD1,P57YE16,1
P57NTD1,P57YE23,1
P57NTD1,P57YE26,1
P57NTD1,P57YO13,1
P57NTD1,P57YO16,1
P57NTD1,P57YO23,1
P57NTD1,P57YO26,1
P57NTD1,P57YP13,1
P57NTD1,P57YP16,1
P57NTD1,P57YR13,1
P57NTD1,P57YR16,1
P57NTD1,P57YR43,1
P57NTD1,P57YR46,1
P57NTD1,P57YR63,1
P57NTD1,P57YR66,1
P57NTD1,P57YR93,1
P57NTD1,P57YR96,1
P57NTD1,P57YRC3,1
P57NTD1,P57YRC6,1
P57NTD1,P57YV13,1
P57NTD1,P57YV16,1
P57NTD1,P57YV23,1
P57NTD1,P57YV26,1
P57NTD1,P57YV33,1
P57NTD1,P57YV36,1
P57NTD1,P57YV43,1
P57NTD1,P57YV46,1
P57NTD2,P57NBS4,1
P57NTE1,P57BF1T,1
P57NTE1,P57BF2M,1
P57NTE1,P57BF4T,1
P57NTE1,P57BSOS,1
P57NTE1,P57NTST,1
P57NTE2,P57BFER,1
P57NTE2,P57BNV1,1
P57NTE2,P57BNV2,1
P57NTE2,P57BSA1,1
P57NTE2,P57BSA2,1
P57NTE2,P57BVVT,1
P57NTE2,P57BZM1,1
P57NTE2,P57NBA1,1
P57NTE2,P57NBS1,1
P57NTE2,P57NPA3,1
P57NTE2,P57NUD2,1
P57NTE2,P57YA21,1
P57NTE2,P57YAC1,1
P57NTE2,P57YAC2,1
P57NTE2,P57YAC3,1
P57NTE2,P57YU11,1
P57NTE2,P57YU13,1
P57NTE2,P57YU15,1
P57NTE2,P57YVT2,1
P57NTG1,P57BCVA,1
P57NTG1,P57BDO3,1
P57NTG1,P57BF1T,1
P57NTG1,P57BF2M,1
P57NTG1,P57BFEO,1
P57NTG1,P57BFER,1
P57NTG1,P57BFS1,1
P57NTG1,P57BSOS,1
P57NTG1,P57NBA1,1
P57NTG1,P57NDO2,1
P57NTG1,P57NFER,1
P57NTG1,P57NFS1,1
P57NTG1,P57NIK1,1
P57NTG1,P57NVT1,1
P57NTG1,P57NVTZ,1
P57NTG1,P57YAC1,1
P57NTG1,P57YAC2,1
P57NTG1,P57YAC3,1
P57NTG1,P57YTST,1
P57NTG1,P57YU11,1
P57NTG1,P57YVT2,1
P57NTG2,P57BDO1,1
P57NTG2,P57BDOR,1
P57NTG2,P57BUR1,1
P57NTG2,P57NVT1,1
P57NTG2,P57NVTZ,1
P57NTG2,P57YAC1,1
P57NTG2,P57YAC3,1
P57NTGZ,P57BBIS,1
P57NTGZ,P57BCVA,1
P57NTGZ,P57BCVG,1
P57NTGZ,P57BDO1,1
P57NTGZ,P57BDO2,1
P57NTGZ,P57BDO4,1
P57NTGZ,P57BDOR,1
P57NTGZ,P57BF1T,1
P57NTGZ,P57BF2M,1
P57NTGZ,P57BFEO,1
P57NTGZ,P57BFER,1
P57NTGZ,P57BFEU,1
P57NTGZ,P57BFO1,1
P57NTGZ,P57BFO2,1
P57NTGZ,P57BFO3,1
P57NTGZ,P57BFS1,1
P57NTGZ,P57BNV1,1
P57NTGZ,P57BSA1,1
P57NTGZ,P57BSA2,1
P57NTGZ,P57BSOS,1
P57NTGZ,P57BUR1,1
P57NTGZ,P57BZM1,1
P57NTGZ,P57NBA1,1
P57NTGZ,P57NBO1,1
P57NTGZ,P57NFER,1
P57NTGZ,P57NVT1,1
P57NTGZ,P57NVTZ,1
P57NTGZ,P57YA61,1
P57NTGZ,P57YAC1,1
P57NTGZ,P57YAC2,1
P57NTGZ,P57YAC3,1
P57NTGZ,P57YP14,1
P57NTGZ,P57YU11,1
P57NTGZ,P57YU13,1
P57NTGZ,P57YU15,1
P57NTQ1,P57NBF2,1
P57NTQ1,P57NBF4,1
P57NTQ1,P57YDO2,1
P57NTY1,P57NUV2,1
P57NUD1,P57BDOR,1
P57NUD1,P57BF1T,1
P57NUD1,P57BF2M,1
P57NUD1,P57BFER,1
P57NUD1,P57BSOS,1
P57NUD1,P57BVVT,1
P57NUD1,P57BZM1,1
P57NUD1,P57II01,1
P57NUD1,P57NBA1,1
P57NUD1,P57NBF2,1
P57NUD1,P57NBO1,1
P57NUD1,P57NCR1,1
P57NUD1,P57NFER,1
P57NUD1,P57NIG1,1
P57NUD1,P57NIK1,1
P57NUD1,P57NJB4,1
P57NUD1,P57NOU1,1
P57NUD1,P57NOU2,1
P57NUD1,P57NPAD,1
P57NUD1,P57NRV2,1
P57NUD1,P57NSF1,1
P57NUD1,P57NSH1,1
P57NUD1,P57NSH3,1
P57NUD1,P57NSN6,1
P57NUD1,P57NTX3,1
P57NUD1,P57NUP1,1
P57NUD1,P57NVTM,1
P57NUD1,P57NWE2,1
P57NUD1,P57YA21,1
P57NUD1,P57YA42,1
P57NUD1,P57YAA1,1
P57NUD1,P57YAA2,1
P57NUD1,P57YAC1,1
P57NUD1,P57YAC2,1
P57NUD1,P57YE11,1
P57NUD1,P57YE15,1
P57NUD1,P57YE21,1
P57NUD1,P57YE25,1
P57NUD1,P57YIK2,1
P57NUD1,P57YO11,1
P57NUD1,P57YO15,1
P57NUD1,P57YO21,1
P57NUD1,P57YO25,1
P57NUD1,P57YP11,1
P57NUD1,P57YP14,1
P57NUD1,P57YP15,1
P57NUD1,P57YR11,1
P57NUD1,P57YR15,1
P57NUD1,P57YR41,1
P57NUD1,P57YR43,1
P57NUD1,P57YR45,1
P57NUD1,P57YR61,1
P57NUD1,P57YR65,1
P57NUD1,P57YR91,1
P57NUD1,P57YR95,1
P57NUD1,P57YRC1,1
P57NUD1,P57YRC5,1
P57NUD1,P57YSH1,1
P57NUD1,P57YSH5,1
P57NUD1,P57YU11,1
P57NUD1,P57YU13,1
P57NUD1,P57YU14,1
P57NUD1,P57YU15,1
P57NUD1,P57YV11,1
P57NUD1,P57YV15,1
P57NUD1,P57YV21,1
P57NUD1,P57YV25,1
P57NUD1,P57YV31,1
P57NUD1,P57YV35,1
P57NUD1,P57YV41,1
P57NUD1,P57YV45,1
P57NUD2,P57BF1T,1
P57NUD2,P57BFER,1
P57NUD2,P57BVVT,1
P57NUD2,P57NBA1,1
P57NUD2,P57NBF3,1
P57NUD2,P57NBS1,1
P57NUD2,P57NFER,1
P57NUD2,P57NOU1,1
P57NUD2,P57NOU2,1
P57NUD2,P57NSH1,1
P57NUD2,P57NSH3,1
P57NUD2,P57NSN6,1
P57NUD2,P57NUP1,1
P57NUD2,P57NUV1,1
P57NUD2,P57YA21,1
P57NUD2,P57YA31,1
P57NUD2,P57YAC1,1
P57NUD2,P57YP13,1
P57NUD2,P57YP14,1
P57NUD2,P57YU14,1
P57NUD5,P57BF2M,1
P57NUD5,P57BFEO,1
P57NUD5,P57BFO1,1
P57NUD5,P57BFO2,1
P57NUD5,P57BFO3,1
P57NUD5,P57BSOS,1
P57NUD5,P57BZM1,1
P57NUD5,P57NBS1,1
P57NUD5,P57NBS4,1
P57NUD5,P57NJB4,1
P57NUD5,P57NJB5,1
P57NUD5,P57NRB1,1
P57NUD5,P57NUP1,1
P57NUD7,P57BF1T,1
P57NUD7,P57BFER,1
P57NUD7,P57BVVT,1
P57NUD7,P57NBS3,1
P57NUD7,P57NFER,1
P57NUP1,P57NBA1,1
P57NUP1,P57NBS3,1
P57NUP1,P57YAC1,1
P57NUR1,P57NTST,1
P57NUR1,P57YUR2,1
P57NUV1,P57BF2M,1
P57NUV1,P57BFEO,1
P57NUV1,P57BFEU,1
P57NUV1,P57BFEW,1
P57NUV1,P57BSOS,1
P57NUV1,P57NBS1,1
P57NUV1,P57NBS3,1
P57NUV1,P57NER2,1
P57NUV1,P57NRBB,1
P57NUV1,P57NRP2,1
P57NUV1,P57NSF1,1
P57NUV1,P57NUP1,1
P57NUV1,P57NUV2,1
P57NUV1,P57YA21,1
P57NUV1,P57YA31,1
P57NUV1,P57YE13,1
P57NUV1,P57YE23,1
P57NUV1,P57YO13,1
P57NUV1,P57YO23,1
P57NUV1,P57YP13,1
P57NUV1,P57YR13,1
P57NUV1,P57YR43,1
P57NUV1,P57YR63,1
P57NUV1,P57YR93,1
P57NUV1,P57YRC3,1
P57NUV1,P57YV13,1
P57NUV1,P57YV23,1
P57NUV1,P57YV33,1
P57NUV1,P57YV43,1
P57NUV2,P57NBS3,1
P57NUV2,P57NBS5,1
P57NUV2,P57NVO1,1
P57NUV2,P57YP13,1
P57NV11,P57BCVA,1
P57NV11,P57BFO1,1
P57NV11,P57BFO2,1
P57NV11,P57BFO3,1
P57NV11,P57NAO1,1
P57NV11,P57NBA1,1
P57NV11,P57NEB2,1
P57NV11,P57NIG1,1
P57NV11,P57NIK1,1
P57NV11,P57NRV1,1
P57NV11,P57NRV2,1
P57NV11,P57NSH1,1
P57NV11,P57NTST,1
P57NV11,P57YA82,1
P57NV11,P57YAC2,1
P57NV11,P57YAC3,1
P57NV11,P57YE13,1
P57NV11,P57YO13,1
P57NV11,P57YO23,1
P57NV11,P57YP12,1
P57NV11,P57YP14,1
P57NV11,P57YV13,1
P57NV11,P57YV23,1
P57NV11,P57YV33,1
P57NV11,P57YV43,1
P57NV11,P57YVT2,1
P57NV12,P57NDEB,1
P57NV12,P57NDT1,1
P57NV12,P57NIK1,1
P57NV12,P57NRV1,1
P57NV13,P57YAB1,1
P57NV13,P57YAC1,1
P57NV13,P57YAC3,1
P57NV14,P57NBF1,1
P57NVB1,P57YP14,1
P57NVBZ,P57YP14,1
P57NVD1,P57BBIS,1
P57NVD1,P57BCVA,1
P57NVD1,P57BCVB,1
P57NVD1,P57BF1T,1
P57NVD1,P57BF2M,1
P57NVD1,P57BFEO,1
P57NVD1,P57BFER,1
P57NVD1,P57BNV1,1
P57NVD1,P57BNV2,1
P57NVD1,P57BSH1,1
P57NVD1,P57BSOS,1
P57NVD1,P57BUR1,1
P57NVD1,P57BZM1,1
P57NVD1,P57NAH1,1
P57NVD1,P57NAS1,1
P57NVD1,P57NBF2,1
P57NVD1,P57NBO1,1
P57NVD1,P57NBS1,1
P57NVD1,P57NBS4,1
P57NVD1,P57NBS6,1
P57NVD1,P57NBS7,1
P57NVD1,P57NBU3,1
P57NVD1,P57NCR1,1
P57NVD1,P57NDEA,1
P57NVD1,P57NDEB,1
P57NVD1,P57NDO2,1
P57NVD1,P57NDO7,1
P57NVD1,P57NDO8,1
P57NVD1,P57NDT1,1
P57NVD1,P57NEA2,1
P57NVD1,P57NEH2,1
P57NVD1,P57NEM1,1
P57NVD1,P57NFS1,1
P57NVD1,P57NFZ1,1
P57NVD1,P57NIG1,1
P57NVD1,P57NIK1,1
P57NVD1,P57NJB4,1
P57NVD1,P57NJI2,1
P57NVD1,P57NKL1,1
P57NVD1,P57NOU1,1
P57NVD1,P57NOU2,1
P57NVD1,P57NRD6,1
P57NVD1,P57NRIF,1
P57NVD1,P57NRP2,1
P57NVD1,P57NRV1,1
P57NVD1,P57NSA1,1
P57NVD1,P57NSC2,1
P57NVD1,P57NSF1,1
P57NVD1,P57NSH1,1
P57NVD1,P57NSH3,1
P57NVD1,P57NSN2,1
P57NVD1,P57NSN6,1
P57NVD1,P57NSQ1,1
P57NVD1,P57NST3,1
P57NVD1,P57NTA1,1
P57NVD1,P57NUP1,1
P57NVD1,P57NUV2,1
P57NVD1,P57NV13,1
P57NVD1,P57NVTZ,1
P57NVD1,P57NWB1,1
P57NVD1,P57NWE2,1
P57NVD1,P57YA21,1
P57NVD1,P57YA31,1
P57NVD1,P57YA61,1
P57NVD1,P57YA82,1
P57NVD1,P57YAB1,1
P57NVD1,P57YAC2,1
P57NVD1,P57YAC3,1
P57NVD1,P57YO16,1
P57NVD1,P57YP13,1
P57NVD1,P57YR61,1
P57NVD1,P57YR64,1
P57NVD1,P57YSH3,1
P57NVD1,P57YU14,1
P57NVD1,P57YV11,1
P57NVD1,P57YV14,1
P57NVD1,P57YV21,1
P57NVD1,P57YV24,1
P57NVD1,P57YV31,1
P57NVD1,P57YV34,1
P57NVD1,P57YV41,1
P57NVD1,P57YV44,1
P57NVD2,P57BVVR,1
P57NVD2,P57NBS1,1
P57NVD2,P57YP12,1
P57NVD2,P57YP13,1
P57NVD2,P57YU13,1
P57NVD2,P57YV14,1
P57NVD2,P57YV24,1
P57NVD2,P57YV44,1
P57NVD3,P57BZM1,1
P57NVD3,P57NBS1,1
P57NVD3,P57NBS4,1
P57NVD3,P57NJB4,1
P57NVD5,P57BCVG,1
P57NVD5,P57BF1T,1
P57NVD5,P57BSA1,1
P57NVD5,P57BVVR,1
P57NVD5,P57NBS4,1
P57NVD5,P57NBS5,1
P57NVD5,P57NBS6,1
P57NVD5,P57NEB3,1
P57NVD5,P57NJB4,1
P57NVD5,P57NJB5,1
P57NVD5,P57NVTZ,1
P57NVD5,P57NZA1,1
P57NVD5,P57YAC1,1
P57NVD5,P57YP11,1
P57NVD5,P57YP12,1
P57NVD5,P57YP13,1
P57NVD5,P57YU14,1
P57NVD6,P57BNV2,1
P57NVD6,P57NBO1,1
P57NVD6,P57NBS6,1
P57NVD6,P57NJB4,1
P57NVD6,P57NSF1,1
P57NVD6,P57NUV2,1
P57NVD6,P57NV13,1
P57NVD6,P57YP12,1
P57NVD6,P57YP13,1
P57NVD6,P57YV13,1
P57NVD6,P57YV23,1
P57NVD6,P57YV33,1
P57NVD6,P57YV43,1
P57NVD7,P57NBS5,1
P57NVD7,P57NDO8,1
P57NVD7,P57NTA1,1
P57NVD7,P57NVO1,1
P57NVD7,P57YAC1,1
P57NVD7,P57YV24,1
P57NVO1,P57NBA1,1
P57NVO1,P57YAC1,1
P57NVP1,P57BVVT,1
P57NVP1,P57NBS4,1
P57NVP1,P57NSF1,1
P57NVP1,P57NUP1,1
P57NVP1,P57NWB1,1
P57NVP1,P57YV11,1
P57NVP1,P57YV12,1
P57NVP1,P57YV13,1
P57NVP1,P57YV21,1
P57NVP1,P57YV23,1
P57NVP1,P57YV31,1
P57NVP1,P57YV33,1
P57NVP1,P57YV41,1
P57NVP1,P57YV43,1
P57NVS1,P57BCVA,1
P57NVS1,P57BF2M,1
P57NVS1,P57BSOS,1
P57NVS1,P57NBS4,1
P57NVS1,P57NBS5,1
P57NVS1,P57NEB1,1
P57NVS1,P57NEB3,1
P57NVS1,P57NJB5,1
P57NVS1,P57NJD1,1
P57NVS1,P57NOU1,1
P57NVS1,P57NOU2,1
P57NVS1,P57NSC2,1
P57NVS1,P57NSH3,1
P57NVS1,P57NVD1,1
P57NVS1,P57NVD3,1
P57NVS1,P57NVD5,1
P57NVS1,P57YA61,1
P57NVT1,P57BCVA,1
P57NVT1,P57BCVG,1
P57NVT1,P57BDO1,1
P57NVT1,P57BDOR,1
P57NVT1,P57BF1T,1
P57NVT1,P57BF2M,1
P57NVT1,P57BFEO,1
P57NVT1,P57BFER,1
P57NVT1,P57BFEU,1
P57NVT1,P57BFEW,1
P57NVT1,P57BFO1,1
P57NVT1,P57BFO2,1
P57NVT1,P57BFO3,1
P57NVT1,P57BNV1,1
P57NVT1,P57BNV2,1
P57NVT1,P57BSA1,1
P57NVT1,P57BSA2,1
P57NVT1,P57BSOC,1
P57NVT1,P57BSON,1
P57NVT1,P57BSOS,1
P57NVT1,P57BUR1,1
P57NVT1,P57BVVR,1
P57NVT1,P57BVVT,1
P57NVT1,P57BZM1,1
P57NVT1,P57NAO1,1
P57NVT1,P57NBA1,1
P57NVT1,P57NEM1,1
P57NVT1,P57NIG1,1
P57NVT1,P57NIK1,1
P57NVT1,P57NIK2,1
P57NVT1,P57NKL1,1
P57NVT1,P57NOU1,1
P57NVT1,P57NOU2,1
P57NVT1,P57NPA3,1
P57NVT1,P57NPD1,1
P57NVT1,P57NPG1,1
P57NVT1,P57NSA1,1
P57NVT1,P57NSD8,1
P57NVT1,P57NSH1,1
P57NVT1,P57NSH3,1
P57NVT1,P57NSN6,1
P57NVT1,P57NTE2,1
P57NVT1,P57NVTM,1
P57NVT1,P57NWB1,1
P57NVT1,P57NWE2,1
P57NVT1,P57YA21,1
P57NVT1,P57YAC1,1
P57NVT1,P57YAC3,1
P57NVT1,P57YDO2,1
P57NVT1,P57YGB2,1
P57NVT1,P57YIK2,1
P57NVT1,P57YP11,1
P57NVT1,P57YP13,1
P57NVT1,P57YP14,1
P57NVT1,P57YU11,1
P57NVT1,P57YU13,1
P57NVT1,P57YU14,1
P57NVT1,P57YU15,1
P57NVTM,P57BCVP,1
P57NVTM,P57BFEO,1
P57NVTM,P57BFO1,1
P57NVTM,P57BFO2,1
P57NVTM,P57BFO3,1
P57NVTZ,P57BF2M,1
P57NVTZ,P57BFEO,1
P57NVTZ,P57BSOS,1
P57NVTZ,P57NBA1,1
P57NVTZ,P57YVT2,1
P57NWA1,P57NJB4,1
P57NWA1,P57NRU2,1
P57NWA1,P57NWB1,1
P57NWA1,P57NWE1,1
P57NWAZ,P57NJB4,1
P57NWAZ,P57NPAW,1
P57NWAZ,P57NWB1,1
P57NWAZ,P57NWE1,1
P57NWB1,P57NWE1,1
P57NWB2,P57NWE1,1
P57NWE1,P57YWB1,1
P57NWE2,P57YWB2,1
P57NZA1,P57II02,1
P57NZA2,P57II02,1
P57NZD1,P57BFEO,1
P57NZD1,P57NBF2,1
P57NZD1,P57NBS1,1
P57NZD1,P57NBS4,1
P57NZD1,P57NCR1,1
P57NZD1,P57NDO2,1
P57NZD1,P57NEA4,1
P57NZD1,P57NOU1,1
P57NZD1,P57NOU2,1
P57NZD1,P57NRP2,1
P57NZD1,P57NSH1,1
P57NZD1,P57NSH3,1
P57NZD1,P57NSN5,1
P57NZD1,P57NSN6,1
P57NZD1,P57NUP1,1
P57NZD1,P57NUV2,1
P57NZD1,P57NVP1,1
P57NZD1,P57NWE2,1
P57NZD1,P57YE13,1
P57NZD1,P57YE16,1
P57NZD1,P57YE23,1
P57NZD1,P57YE26,1
P57NZD1,P57YO12,1
P57NZD1,P57YO13,1
P57NZD1,P57YO14,1
P57NZD1,P57YO16,1
P57NZD1,P57YO23,1
P57NZD1,P57YO26,1
P57NZD1,P57YP13,1
P57NZD1,P57YP16,1
P57NZD1,P57YR13,1
P57NZD1,P57YR16,1
P57NZD1,P57YR43,1
P57NZD1,P57YR44,1
P57NZD1,P57YR46,1
P57NZD1,P57YR63,1
P57NZD1,P57YR64,1
P57NZD1,P57YR66,1
P57NZD1,P57YR93,1
P57NZD1,P57YR96,1
P57NZD1,P57YRC3,1
P57NZD1,P57YRC4,1
P57NZD1,P57YRC6,1
P57NZD1,P57YV13,1
P57NZD1,P57YV16,1
P57NZD1,P57YV23,1
P57NZD1,P57YV26,1
P57NZD1,P57YV33,1
P57NZD1,P57YV36,1
P57NZD1,P57YV43,1
P57NZD1,P57YV46,1
P57NZD2,P57BFEO,1
P57NZD2,P57NBS1,1
P57NZD2,P57NBS4,1
P57NZD3,P57NCR1,1
P57NZD3,P57NWE2,1
P57NZD3,P57YO16,1
P57NZJA,P57NDEA,1
P57NZJA,P57NDEB,1
P57NZJA,P57NOU1,1
P57NZJA,P57NOU2,1
P57NZJA,P57NSH1,1
P57NZJA,P57NSH3,1
P57NZJA,P57NSN6,1
P57NZJA,P57NSQ1,1
P57NZJA,P57NUP1,1
P57NZJA,P57YA61,1
P57NZJA,P57YAB1,1
P57NZSA,P57YAC3,1
P57NZSA,P57YP12,1
P57NZU1,P57NJB4,1
P57NZU1,P57NWB1,1
P57NZU1,P57YO16,1
P57NZU2,P57NZU1,1
P57PT00,P57BCVA,1
P57PT00,P57NJB4,1
P57PT00,P57NWB1,1
P57PT00,P57YAZ1,1
P57PT00,P57YO11,1
P57PT00,P57YR44,1
P57PT01,P57PT00,1
P57PT01,P57PT0N,1
P57PT01,P57PT0T,1
P57PT02,P57PT00,1
P57PT02,P57PT0N,1
P57PT02,P57PT5T,1
P57PT03,P57PT02,1
P57PT04,P57PT01,1
P57PT04,P57PT03,1
P57PT05,P57PT04,1
P57PT06,P57PT04,1
P57PT07,P57PT04,1
P57PT0N,P57NJN1,1
P57PT1T,P57PT5T,1
P57PT2T,P57PT5T,1
P57PT3T,P57PT5T,1
P57PT4T,P57PT5T,1
P57PT5T,P57PT0T,1
P57PT5T,P57PT50,1
